clave,municipioID,estadoID,estado,municipio
1001,1,1,Aguascalientes,Aguascalientes
1002,2,1,Aguascalientes,Asientos
1003,3,1,Aguascalientes,Calvillo
1004,4,1,Aguascalientes,Cosio
1005,5,1,Aguascalientes,Jesus Maria
1006,6,1,Aguascalientes,Pabellon de Arteaga
1007,7,1,Aguascalientes,Rincon de Romos
1008,8,1,Aguascalientes,San Jose de Gracia
1009,9,1,Aguascalientes,Tepezala
1010,10,1,Aguascalientes,El Llano
1011,11,1,Aguascalientes,San Francisco de los Romo
1996,996,1,Aguascalientes,No especificado
1997,997,1,Aguascalientes,Otros estados
2001,1,2,Baja California,Ensenada
2002,2,2,Baja California,Mexicali
2003,3,2,Baja California,Tecate
2004,4,2,Baja California,Tijuana
2005,5,2,Baja California,Playas de Rosarito
2996,996,2,Baja California,No especificado
2997,997,2,Baja California,Otros estados
3001,1,3,Baja California Sur,Comondu
3002,2,3,Baja California Sur,Mulege
3003,3,3,Baja California Sur,La Paz
3008,8,3,Baja California Sur,Los Cabos
3009,9,3,Baja California Sur,Loreto
3996,996,3,Baja California Sur,No especificado
3997,997,3,Baja California Sur,Otros estados
4001,1,4,Campeche,Calkini
4002,2,4,Campeche,Campeche
4003,3,4,Campeche,Carmen
4004,4,4,Campeche,Champoton
4005,5,4,Campeche,Hecelchakan
4006,6,4,Campeche,Hopelchen
4007,7,4,Campeche,Palizada
4008,8,4,Campeche,Tenabo
4009,9,4,Campeche,Escarcega
4010,10,4,Campeche,Calakmul
4011,11,4,Campeche,Candelaria
4996,996,4,Campeche,No especificado
4997,997,4,Campeche,Otros estados
5001,1,5,Coahuila,Abasolo
5002,2,5,Coahuila,Acuna
5003,3,5,Coahuila,Allende
5004,4,5,Coahuila,Arteaga
5005,5,5,Coahuila,Candela
5006,6,5,Coahuila,Castanos
5007,7,5,Coahuila,Cuatro Cienegas
5008,8,5,Coahuila,Escobedo
5009,9,5,Coahuila,Francisco I. Madero
5010,10,5,Coahuila,Frontera
5011,11,5,Coahuila,General Cepeda
5012,12,5,Coahuila,Guerrero
5013,13,5,Coahuila,Hidalgo
5014,14,5,Coahuila,Jimenez
5015,15,5,Coahuila,Juarez
5016,16,5,Coahuila,Lamadrid
5017,17,5,Coahuila,Matamoros
5018,18,5,Coahuila,Monclova
5019,19,5,Coahuila,Morelos
5020,20,5,Coahuila,Muzquiz
5021,21,5,Coahuila,Nadadores
5022,22,5,Coahuila,Nava
5023,23,5,Coahuila,Ocampo
5024,24,5,Coahuila,Parras
5025,25,5,Coahuila,Piedras Negras
5026,26,5,Coahuila,Progreso
5027,27,5,Coahuila,Ramos Arizpe
5028,28,5,Coahuila,Sabinas
5029,29,5,Coahuila,Sacramento
5030,30,5,Coahuila,Saltillo
5031,31,5,Coahuila,San Buenaventura
5032,32,5,Coahuila,San Juan de Sabinas
5033,33,5,Coahuila,San Pedro
5034,34,5,Coahuila,Sierra Mojada
5035,35,5,Coahuila,Torreon
5036,36,5,Coahuila,Viesca
5037,37,5,Coahuila,Villa Union
5038,38,5,Coahuila,Zaragoza
5996,996,5,Coahuila,No especificado
5997,997,5,Coahuila,Otros estados
5998,998,5,Coahuila,Otros municipios
6001,1,6,Colima,Armeria
6002,2,6,Colima,Colima
6003,3,6,Colima,Comala
6004,4,6,Colima,Coquimatlan
6005,5,6,Colima,Cuauhtemoc
6006,6,6,Colima,Ixtlahuacan
6007,7,6,Colima,Manzanillo
6008,8,6,Colima,Minatitlan
6009,9,6,Colima,Tecoman
6010,10,6,Colima,Villa de Alvarez
6996,996,6,Colima,No especificado
6997,997,6,Colima,Otros estados
7001,1,7,Chiapas,Acacoyagua
7002,2,7,Chiapas,Acala
7003,3,7,Chiapas,Acapetahua
7004,4,7,Chiapas,Altamirano
7005,5,7,Chiapas,Amatan
7006,6,7,Chiapas,Amatenango de la Frontera
7007,7,7,Chiapas,Amatenango del Valle
7008,8,7,Chiapas,Angel Albino Corzo
7009,9,7,Chiapas,Arriaga
7010,10,7,Chiapas,Bejucal de Ocampo
7011,11,7,Chiapas,Bella Vista
7012,12,7,Chiapas,Berriozabal
7013,13,7,Chiapas,Bochil
7014,14,7,Chiapas,El Bosque
7015,15,7,Chiapas,Cacahoatan
7016,16,7,Chiapas,Catazaja
7017,17,7,Chiapas,Cintalapa
7018,18,7,Chiapas,Coapilla
7019,19,7,Chiapas,Comitan de Dominguez
7020,20,7,Chiapas,La Concordia
7021,21,7,Chiapas,Copainala
7022,22,7,Chiapas,Chalchihuitan
7023,23,7,Chiapas,Chamula
7024,24,7,Chiapas,Chanal
7025,25,7,Chiapas,Chapultenango
7026,26,7,Chiapas,Chenalho
7027,27,7,Chiapas,Chiapa de Corzo
7028,28,7,Chiapas,Chiapilla
7029,29,7,Chiapas,Chicoasen
7030,30,7,Chiapas,Chicomuselo
7031,31,7,Chiapas,Chilon
7032,32,7,Chiapas,Escuintla
7033,33,7,Chiapas,Francisco Leon
7034,34,7,Chiapas,Frontera Comalapa
7035,35,7,Chiapas,Frontera Hidalgo
7036,36,7,Chiapas,La Grandeza
7037,37,7,Chiapas,Huehuetan
7038,38,7,Chiapas,Huixtan
7039,39,7,Chiapas,Huitiupan
7040,40,7,Chiapas,Huixtla
7041,41,7,Chiapas,La Independencia
7042,42,7,Chiapas,Ixhuatan
7043,43,7,Chiapas,Ixtacomitan
7044,44,7,Chiapas,Ixtapa
7045,45,7,Chiapas,Ixtapangajoya
7046,46,7,Chiapas,Jiquipilas
7047,47,7,Chiapas,Jitotol
7048,48,7,Chiapas,Juarez
7049,49,7,Chiapas,Larrainzar
7050,50,7,Chiapas,La Libertad
7051,51,7,Chiapas,Mapastepec
7052,52,7,Chiapas,Las Margaritas
7053,53,7,Chiapas,Mazapa de Madero
7054,54,7,Chiapas,Mazatan
7055,55,7,Chiapas,Metapa
7056,56,7,Chiapas,Mitontic
7057,57,7,Chiapas,Motozintla
7058,58,7,Chiapas,Nicolas Ruiz
7059,59,7,Chiapas,Ocosingo
7060,60,7,Chiapas,Ocotepec
7061,61,7,Chiapas,Ocozocoautla de Espinosa
7062,62,7,Chiapas,Ostuacan
7063,63,7,Chiapas,Osumacinta
7064,64,7,Chiapas,Oxchuc
7065,65,7,Chiapas,Palenque
7066,66,7,Chiapas,Pantelho
7067,67,7,Chiapas,Pantepec
7068,68,7,Chiapas,Pichucalco
7069,69,7,Chiapas,Pijijiapan
7070,70,7,Chiapas,El Porvenir
7071,71,7,Chiapas,Villa Comaltitlan
7072,72,7,Chiapas,Pueblo Nuevo Solistahuacan
7073,73,7,Chiapas,Rayon
7074,74,7,Chiapas,Reforma
7075,75,7,Chiapas,Las Rosas
7076,76,7,Chiapas,Sabanilla
7077,77,7,Chiapas,Salto de Agua
7078,78,7,Chiapas,San Cristobal de las Casas
7079,79,7,Chiapas,San Fernando
7080,80,7,Chiapas,Siltepec
7081,81,7,Chiapas,Simojovel
7082,82,7,Chiapas,Sitala
7083,83,7,Chiapas,Socoltenango
7084,84,7,Chiapas,Solosuchiapa
7085,85,7,Chiapas,Soyalo
7086,86,7,Chiapas,Suchiapa
7087,87,7,Chiapas,Suchiate
7088,88,7,Chiapas,Sunuapa
7089,89,7,Chiapas,Tapachula
7090,90,7,Chiapas,Tapalapa
7091,91,7,Chiapas,Tapilula
7092,92,7,Chiapas,Tecpatan
7093,93,7,Chiapas,Tenejapa
7094,94,7,Chiapas,Teopisca
7096,96,7,Chiapas,Tila
7097,97,7,Chiapas,Tonala
7098,98,7,Chiapas,Totolapa
7099,99,7,Chiapas,La Trinitaria
7100,100,7,Chiapas,Tumbala
7101,101,7,Chiapas,Tuxtla Gutierrez
7102,102,7,Chiapas,Tuxtla Chico
7103,103,7,Chiapas,Tuzantan
7104,104,7,Chiapas,Tzimol
7105,105,7,Chiapas,Union Juarez
7106,106,7,Chiapas,Venustiano Carranza
7107,107,7,Chiapas,Villa Corzo
7108,108,7,Chiapas,Villaflores
7109,109,7,Chiapas,Yajalon
7110,110,7,Chiapas,San Lucas
7111,111,7,Chiapas,Zinacantan
7112,112,7,Chiapas,San Juan Cancuc
7113,113,7,Chiapas,Aldama
7114,114,7,Chiapas,Benemerito de las Americas
7115,115,7,Chiapas,Maravilla Tenejapa
7116,116,7,Chiapas,Marques de Comillas
7117,117,7,Chiapas,Montecristo de Guerrero
7118,118,7,Chiapas,San Andres Duraznal
7119,119,7,Chiapas,Santiago el Pinar
7996,996,7,Chiapas,No especificado
7997,997,7,Chiapas,Otros estados
7998,998,7,Chiapas,Otros municipios
8001,1,8,Chihuahua,Ahumada
8002,2,8,Chihuahua,Aldama
8003,3,8,Chihuahua,Allende
8004,4,8,Chihuahua,Aquiles Serdan
8005,5,8,Chihuahua,Ascension
8006,6,8,Chihuahua,Bachiniva
8007,7,8,Chihuahua,Balleza
8008,8,8,Chihuahua,Batopilas
8009,9,8,Chihuahua,Bocoyna
8010,10,8,Chihuahua,Buenaventura
8011,11,8,Chihuahua,Camargo
8012,12,8,Chihuahua,Carichi
8013,13,8,Chihuahua,Casas Grandes
8014,14,8,Chihuahua,Coronado
8015,15,8,Chihuahua,Coyame del Sotol
8016,16,8,Chihuahua,La Cruz
8017,17,8,Chihuahua,Cuauhtemoc
8018,18,8,Chihuahua,Cusihuiriachi
8019,19,8,Chihuahua,Chihuahua
8020,20,8,Chihuahua,Chinipas
8021,21,8,Chihuahua,Delicias
8022,22,8,Chihuahua,Dr. Belisario Dominguez
8023,23,8,Chihuahua,Galeana
8024,24,8,Chihuahua,Santa Isabel
8025,25,8,Chihuahua,Gomez Farias
8026,26,8,Chihuahua,Gran Morelos
8027,27,8,Chihuahua,Guachochi
8028,28,8,Chihuahua,Guadalupe
8029,29,8,Chihuahua,Guadalupe y Calvo
8030,30,8,Chihuahua,Guazapares
8031,31,8,Chihuahua,Guerrero
8032,32,8,Chihuahua,Hidalgo del Parral
8033,33,8,Chihuahua,Huejotitan
8034,34,8,Chihuahua,Ignacio Zaragoza
8035,35,8,Chihuahua,Janos
8036,36,8,Chihuahua,Jimenez
8037,37,8,Chihuahua,Juarez
8038,38,8,Chihuahua,Julimes
8039,39,8,Chihuahua,Lopez
8040,40,8,Chihuahua,Madera
8041,41,8,Chihuahua,Maguarichi
8042,42,8,Chihuahua,Manuel Benavides
8043,43,8,Chihuahua,Matachi
8044,44,8,Chihuahua,Matamoros
8045,45,8,Chihuahua,Meoqui
8046,46,8,Chihuahua,Morelos
8047,47,8,Chihuahua,Moris
8048,48,8,Chihuahua,Namiquipa
8049,49,8,Chihuahua,Nonoava
8050,50,8,Chihuahua,Nuevo Casas Grandes
8051,51,8,Chihuahua,Ocampo
8052,52,8,Chihuahua,Ojinaga
8053,53,8,Chihuahua,Praxedis G. Guerrero
8054,54,8,Chihuahua,Riva Palacio
8055,55,8,Chihuahua,Rosales
8056,56,8,Chihuahua,Rosario
8057,57,8,Chihuahua,San Francisco de Borja
8058,58,8,Chihuahua,San Francisco de Conchos
8059,59,8,Chihuahua,San Francisco del Oro
8060,60,8,Chihuahua,Santa Barbara
8061,61,8,Chihuahua,Satevo
8062,62,8,Chihuahua,Saucillo
8063,63,8,Chihuahua,Temosachic
8064,64,8,Chihuahua,El Tule
8065,65,8,Chihuahua,Urique
8066,66,8,Chihuahua,Uruachi
8067,67,8,Chihuahua,Valle de Zaragoza
8996,996,8,Chihuahua,No especificado
8997,997,8,Chihuahua,Otros estados
8998,998,8,Chihuahua,Otros municipios
9002,2,9,Ciudad de Mexico,Azcapotzalco
9003,3,9,Ciudad de Mexico,Coyoacan
9004,4,9,Ciudad de Mexico,Cuajimalpa de Morelos
9005,5,9,Ciudad de Mexico,Gustavo A. Madero
9006,6,9,Ciudad de Mexico,Iztacalco
9007,7,9,Ciudad de Mexico,Iztapalapa
9008,8,9,Ciudad de Mexico,La Magdalena Contreras
9009,9,9,Ciudad de Mexico,Milpa Alta
9010,10,9,Ciudad de Mexico,Álvaro Obregon
9011,11,9,Ciudad de Mexico,Tlahuac
9012,12,9,Ciudad de Mexico,Tlalpan
9013,13,9,Ciudad de Mexico,Xochimilco
9014,14,9,Ciudad de Mexico,Benito Juarez
9015,15,9,Ciudad de Mexico,Cuauhtemoc
9016,16,9,Ciudad de Mexico,Miguel Hidalgo
9017,17,9,Ciudad de Mexico,Venustiano Carranza
9996,996,9,Ciudad de Mexico,No especificado
9997,997,9,Ciudad de Mexico,Otros estados
10001,1,10,Durango,Canatlan
10002,2,10,Durango,Canelas
10003,3,10,Durango,Coneto de Comonfort
10004,4,10,Durango,Cuencame
10005,5,10,Durango,Durango
10006,6,10,Durango,General Simon Bolivar
10007,7,10,Durango,Gomez Palacio
10008,8,10,Durango,Guadalupe Victoria
10009,9,10,Durango,Guanacevi
10010,10,10,Durango,Hidalgo
10011,11,10,Durango,Inde
10012,12,10,Durango,Lerdo
10013,13,10,Durango,Mapimi
10014,14,10,Durango,Mezquital
10015,15,10,Durango,Nazas
10016,16,10,Durango,Nombre de Dios
10017,17,10,Durango,Ocampo
10018,18,10,Durango,El Oro
10019,19,10,Durango,Otaez
10020,20,10,Durango,Panuco de Coronado
10021,21,10,Durango,Penon Blanco
10022,22,10,Durango,Poanas
10023,23,10,Durango,Pueblo Nuevo
10024,24,10,Durango,Rodeo
10025,25,10,Durango,San Bernardo
10026,26,10,Durango,San Dimas
10027,27,10,Durango,San Juan de Guadalupe
10028,28,10,Durango,San Juan del Rio
10029,29,10,Durango,San Luis del Cordero
10030,30,10,Durango,San Pedro del Gallo
10031,31,10,Durango,Santa Clara
10032,32,10,Durango,Santiago Papasquiaro
10033,33,10,Durango,Suchil
10034,34,10,Durango,Tamazula
10035,35,10,Durango,Tepehuanes
10036,36,10,Durango,Tlahualilo
10037,37,10,Durango,Topia
10038,38,10,Durango,Vicente Guerrero
10039,39,10,Durango,Nuevo Ideal
10996,996,10,Durango,No especificado
10997,997,10,Durango,Otros estados
10998,998,10,Durango,Otros municipios
11001,1,11,Guanajuato,Abasolo
11002,2,11,Guanajuato,Acambaro
11003,3,11,Guanajuato,San Miguel de Allende
11004,4,11,Guanajuato,Apaseo el Alto
11005,5,11,Guanajuato,Apaseo el Grande
11006,6,11,Guanajuato,Atarjea
11007,7,11,Guanajuato,Celaya
11008,8,11,Guanajuato,Manuel Doblado
11009,9,11,Guanajuato,Comonfort
11010,10,11,Guanajuato,Coroneo
11011,11,11,Guanajuato,Cortazar
11012,12,11,Guanajuato,Cueramaro
11013,13,11,Guanajuato,Doctor Mora
11014,14,11,Guanajuato,Dolores Hidalgo Cuna de la Independencia Nacional
11015,15,11,Guanajuato,Guanajuato
11016,16,11,Guanajuato,Huanimaro
11017,17,11,Guanajuato,Irapuato
11018,18,11,Guanajuato,Jaral del Progreso
11019,19,11,Guanajuato,Jerecuaro
11020,20,11,Guanajuato,Leon
11021,21,11,Guanajuato,Moroleon
11022,22,11,Guanajuato,Ocampo
11023,23,11,Guanajuato,Penjamo
11024,24,11,Guanajuato,Pueblo Nuevo
11025,25,11,Guanajuato,Purisima del Rincon
11026,26,11,Guanajuato,Romita
11027,27,11,Guanajuato,Salamanca
11028,28,11,Guanajuato,Salvatierra
11029,29,11,Guanajuato,San Diego de la Union
11030,30,11,Guanajuato,San Felipe
11031,31,11,Guanajuato,San Francisco del Rincon
11032,32,11,Guanajuato,San Jose Iturbide
11033,33,11,Guanajuato,San Luis de la Paz
11034,34,11,Guanajuato,Santa Catarina
11035,35,11,Guanajuato,Santa Cruz de Juventino Rosas
11036,36,11,Guanajuato,Santiago Maravatio
11037,37,11,Guanajuato,Silao de la Victoria
11038,38,11,Guanajuato,Tarandacuao
11039,39,11,Guanajuato,Tarimoro
11040,40,11,Guanajuato,Tierra Blanca
11041,41,11,Guanajuato,Uriangato
11042,42,11,Guanajuato,Valle de Santiago
11043,43,11,Guanajuato,Victoria
11044,44,11,Guanajuato,Villagran
11045,45,11,Guanajuato,Xichu
11046,46,11,Guanajuato,Yuriria
11996,996,11,Guanajuato,No especificado
11997,997,11,Guanajuato,Otros estados
11998,998,11,Guanajuato,Otros municipios
12001,1,12,Guerrero,Acapulco de Juarez
12002,2,12,Guerrero,Ahuacuotzingo
12003,3,12,Guerrero,Ajuchitlan del Progreso
12004,4,12,Guerrero,Alcozauca de Guerrero
12005,5,12,Guerrero,Alpoyeca
12006,6,12,Guerrero,Apaxtla
12007,7,12,Guerrero,Arcelia
12008,8,12,Guerrero,Atenango del Rio
12009,9,12,Guerrero,Atlamajalcingo del Monte
12010,10,12,Guerrero,Atlixtac
12011,11,12,Guerrero,Atoyac de Álvarez
12012,12,12,Guerrero,Ayutla de los Libres
12013,13,12,Guerrero,Azoyu
12014,14,12,Guerrero,Benito Juarez
12015,15,12,Guerrero,Buenavista de Cuellar
12016,16,12,Guerrero,Coahuayutla de Jose Maria Izazaga
12017,17,12,Guerrero,Cocula
12018,18,12,Guerrero,Copala
12019,19,12,Guerrero,Copalillo
12020,20,12,Guerrero,Copanatoyac
12021,21,12,Guerrero,Coyuca de Benitez
12022,22,12,Guerrero,Coyuca de Catalan
12023,23,12,Guerrero,Cuajinicuilapa
12024,24,12,Guerrero,Cualac
12025,25,12,Guerrero,Cuautepec
12026,26,12,Guerrero,Cuetzala del Progreso
12027,27,12,Guerrero,Cutzamala de Pinzon
12028,28,12,Guerrero,Chilapa de Álvarez
12029,29,12,Guerrero,Chilpancingo de los Bravo
12030,30,12,Guerrero,Florencio Villarreal
12031,31,12,Guerrero,General Canuto A. Neri
12032,32,12,Guerrero,General Heliodoro Castillo
12033,33,12,Guerrero,Huamuxtitlan
12034,34,12,Guerrero,Huitzuco de los Figueroa
12035,35,12,Guerrero,Iguala de la Independencia
12036,36,12,Guerrero,Igualapa
12037,37,12,Guerrero,Ixcateopan de Cuauhtemoc
12038,38,12,Guerrero,Zihuatanejo de Azueta
12039,39,12,Guerrero,Juan R. Escudero
12040,40,12,Guerrero,Leonardo Bravo
12041,41,12,Guerrero,Malinaltepec
12042,42,12,Guerrero,Martir de Cuilapan
12043,43,12,Guerrero,Metlatonoc
12044,44,12,Guerrero,Mochitlan
12045,45,12,Guerrero,Olinala
12046,46,12,Guerrero,Ometepec
12047,47,12,Guerrero,Pedro Ascencio Alquisiras
12048,48,12,Guerrero,Petatlan
12049,49,12,Guerrero,Pilcaya
12050,50,12,Guerrero,Pungarabato
12051,51,12,Guerrero,Quechultenango
12052,52,12,Guerrero,San Luis Acatlan
12053,53,12,Guerrero,San Marcos
12054,54,12,Guerrero,San Miguel Totolapan
12055,55,12,Guerrero,Taxco de Alarcon
12056,56,12,Guerrero,Tecoanapa
12057,57,12,Guerrero,Tecpan de Galeana
12058,58,12,Guerrero,Teloloapan
12059,59,12,Guerrero,Tepecoacuilco de Trujano
12060,60,12,Guerrero,Tetipac
12061,61,12,Guerrero,Tixtla de Guerrero
12062,62,12,Guerrero,Tlacoachistlahuaca
12063,63,12,Guerrero,Tlacoapa
12064,64,12,Guerrero,Tlalchapa
12065,65,12,Guerrero,Tlalixtaquilla de Maldonado
12066,66,12,Guerrero,Tlapa de Comonfort
12067,67,12,Guerrero,Tlapehuala
12068,68,12,Guerrero,La Union de Isidoro Montes de Oca
12069,69,12,Guerrero,Xalpatlahuac
12070,70,12,Guerrero,Xochihuehuetlan
12071,71,12,Guerrero,Xochistlahuaca
12072,72,12,Guerrero,Zapotitlan Tablas
12073,73,12,Guerrero,Zirandaro
12074,74,12,Guerrero,Zitlala
12075,75,12,Guerrero,Eduardo Neri
12076,76,12,Guerrero,Acatepec
12077,77,12,Guerrero,Marquelia
12078,78,12,Guerrero,Cochoapa el Grande
12079,79,12,Guerrero,Jose Joaquin de Herrera
12080,80,12,Guerrero,Juchitan
12081,81,12,Guerrero,Iliatenco
12996,996,12,Guerrero,No especificado
12997,997,12,Guerrero,Otros estados
12998,998,12,Guerrero,Otros municipios
13001,1,13,Hidalgo,Acatlan
13002,2,13,Hidalgo,Acaxochitlan
13003,3,13,Hidalgo,Actopan
13004,4,13,Hidalgo,Agua Blanca de Iturbide
13005,5,13,Hidalgo,Ajacuba
13006,6,13,Hidalgo,Alfajayucan
13007,7,13,Hidalgo,Almoloya
13008,8,13,Hidalgo,Apan
13009,9,13,Hidalgo,El Arenal
13010,10,13,Hidalgo,Atitalaquia
13011,11,13,Hidalgo,Atlapexco
13012,12,13,Hidalgo,Atotonilco el Grande
13013,13,13,Hidalgo,Atotonilco de Tula
13014,14,13,Hidalgo,Calnali
13015,15,13,Hidalgo,Cardonal
13016,16,13,Hidalgo,Cuautepec de Hinojosa
13017,17,13,Hidalgo,Chapantongo
13018,18,13,Hidalgo,Chapulhuacan
13019,19,13,Hidalgo,Chilcuautla
13020,20,13,Hidalgo,Eloxochitlan
13021,21,13,Hidalgo,Emiliano Zapata
13022,22,13,Hidalgo,Epazoyucan
13023,23,13,Hidalgo,Francisco I. Madero
13024,24,13,Hidalgo,Huasca de Ocampo
13025,25,13,Hidalgo,Huautla
13026,26,13,Hidalgo,Huazalingo
13027,27,13,Hidalgo,Huehuetla
13028,28,13,Hidalgo,Huejutla de Reyes
13029,29,13,Hidalgo,Huichapan
13030,30,13,Hidalgo,Ixmiquilpan
13031,31,13,Hidalgo,Jacala de Ledezma
13032,32,13,Hidalgo,Jaltocan
13033,33,13,Hidalgo,Juarez Hidalgo
13034,34,13,Hidalgo,Lolotla
13035,35,13,Hidalgo,Metepec
13036,36,13,Hidalgo,San Agustin Metzquititlan
13037,37,13,Hidalgo,Metztitlan
13038,38,13,Hidalgo,Mineral del Chico
13039,39,13,Hidalgo,Mineral del Monte
13040,40,13,Hidalgo,La Mision
13041,41,13,Hidalgo,Mixquiahuala de Juarez
13042,42,13,Hidalgo,Molango de Escamilla
13043,43,13,Hidalgo,Nicolas Flores
13044,44,13,Hidalgo,Nopala de Villagran
13045,45,13,Hidalgo,Omitlan de Juarez
13046,46,13,Hidalgo,San Felipe Orizatlan
13047,47,13,Hidalgo,Pacula
13048,48,13,Hidalgo,Pachuca de Soto
13049,49,13,Hidalgo,Pisaflores
13050,50,13,Hidalgo,Progreso de Obregon
13051,51,13,Hidalgo,Mineral de la Reforma
13052,52,13,Hidalgo,San Agustin Tlaxiaca
13053,53,13,Hidalgo,San Bartolo Tutotepec
13054,54,13,Hidalgo,San Salvador
13055,55,13,Hidalgo,Santiago de Anaya
13056,56,13,Hidalgo,Santiago Tulantepec de Lugo Guerrero
13057,57,13,Hidalgo,Singuilucan
13058,58,13,Hidalgo,Tasquillo
13059,59,13,Hidalgo,Tecozautla
13060,60,13,Hidalgo,Tenango de Doria
13061,61,13,Hidalgo,Tepeapulco
13062,62,13,Hidalgo,Tepehuacan de Guerrero
13063,63,13,Hidalgo,Tepeji del Rio de Ocampo
13064,64,13,Hidalgo,Tepetitlan
13065,65,13,Hidalgo,Tetepango
13066,66,13,Hidalgo,Villa de Tezontepec
13067,67,13,Hidalgo,Tezontepec de Aldama
13068,68,13,Hidalgo,Tianguistengo
13069,69,13,Hidalgo,Tizayuca
13070,70,13,Hidalgo,Tlahuelilpan
13071,71,13,Hidalgo,Tlahuiltepa
13072,72,13,Hidalgo,Tlanalapa
13073,73,13,Hidalgo,Tlanchinol
13074,74,13,Hidalgo,Tlaxcoapan
13075,75,13,Hidalgo,Tolcayuca
13076,76,13,Hidalgo,Tula de Allende
13077,77,13,Hidalgo,Tulancingo de Bravo
13078,78,13,Hidalgo,Xochiatipan
13079,79,13,Hidalgo,Xochicoatlan
13080,80,13,Hidalgo,Yahualica
13081,81,13,Hidalgo,Zacualtipan de Ángeles
13082,82,13,Hidalgo,Zapotlan de Juarez
13083,83,13,Hidalgo,Zempoala
13084,84,13,Hidalgo,Zimapan
13996,996,13,Hidalgo,No especificado
13997,997,13,Hidalgo,Otros estados
13998,998,13,Hidalgo,Otros municipios
14001,1,14,Jalisco,Acatic
14002,2,14,Jalisco,Acatlan de Juarez
14003,3,14,Jalisco,Ahualulco de Mercado
14004,4,14,Jalisco,Amacueca
14005,5,14,Jalisco,Amatitan
14006,6,14,Jalisco,Ameca
14007,7,14,Jalisco,San Juanito de Escobedo
14008,8,14,Jalisco,Arandas
14009,9,14,Jalisco,El Arenal
14010,10,14,Jalisco,Atemajac de Brizuela
14011,11,14,Jalisco,Atengo
14012,12,14,Jalisco,Atenguillo
14013,13,14,Jalisco,Atotonilco el Alto
14014,14,14,Jalisco,Atoyac
14015,15,14,Jalisco,Autlan de Navarro
14016,16,14,Jalisco,Ayotlan
14017,17,14,Jalisco,Ayutla
14018,18,14,Jalisco,La Barca
14019,19,14,Jalisco,Bolanos
14020,20,14,Jalisco,Cabo Corrientes
14021,21,14,Jalisco,Casimiro Castillo
14022,22,14,Jalisco,Cihuatlan
14023,23,14,Jalisco,Zapotlan el Grande
14024,24,14,Jalisco,Cocula
14025,25,14,Jalisco,Colotlan
14026,26,14,Jalisco,Concepcion de Buenos Aires
14027,27,14,Jalisco,Cuautitlan de Garcia Barragan
14028,28,14,Jalisco,Cuautla
14029,29,14,Jalisco,Cuquio
14030,30,14,Jalisco,Chapala
14031,31,14,Jalisco,Chimaltitan
14032,32,14,Jalisco,Chiquilistlan
14033,33,14,Jalisco,Degollado
14034,34,14,Jalisco,Ejutla
14035,35,14,Jalisco,Encarnacion de Diaz
14036,36,14,Jalisco,Etzatlan
14037,37,14,Jalisco,El Grullo
14038,38,14,Jalisco,Guachinango
14039,39,14,Jalisco,Guadalajara
14040,40,14,Jalisco,Hostotipaquillo
14041,41,14,Jalisco,Huejucar
14042,42,14,Jalisco,Huejuquilla el Alto
14043,43,14,Jalisco,La Huerta
14044,44,14,Jalisco,Ixtlahuacan de los Membrillos
14045,45,14,Jalisco,Ixtlahuacan del Rio
14046,46,14,Jalisco,Jalostotitlan
14047,47,14,Jalisco,Jamay
14048,48,14,Jalisco,Jesus Maria
14049,49,14,Jalisco,Jilotlan de los Dolores
14050,50,14,Jalisco,Jocotepec
14051,51,14,Jalisco,Juanacatlan
14052,52,14,Jalisco,Juchitlan
14053,53,14,Jalisco,Lagos de Moreno
14054,54,14,Jalisco,El Limon
14055,55,14,Jalisco,Magdalena
14056,56,14,Jalisco,Santa Maria del Oro
14057,57,14,Jalisco,La Manzanilla de la Paz
14058,58,14,Jalisco,Mascota
14059,59,14,Jalisco,Mazamitla
14060,60,14,Jalisco,Mexticacan
14061,61,14,Jalisco,Mezquitic
14062,62,14,Jalisco,Mixtlan
14063,63,14,Jalisco,Ocotlan
14064,64,14,Jalisco,Ojuelos de Jalisco
14065,65,14,Jalisco,Pihuamo
14066,66,14,Jalisco,Poncitlan
14067,67,14,Jalisco,Puerto Vallarta
14068,68,14,Jalisco,Villa Purificacion
14069,69,14,Jalisco,Quitupan
14070,70,14,Jalisco,El Salto
14071,71,14,Jalisco,San Cristobal de la Barranca
14072,72,14,Jalisco,San Diego de Alejandria
14073,73,14,Jalisco,San Juan de los Lagos
14074,74,14,Jalisco,San Julian
14075,75,14,Jalisco,San Marcos
14076,76,14,Jalisco,San Martin de Bolanos
14077,77,14,Jalisco,San Martin Hidalgo
14078,78,14,Jalisco,San Miguel el Alto
14079,79,14,Jalisco,Gomez Farias
14080,80,14,Jalisco,San Sebastian del Oeste
14081,81,14,Jalisco,Santa Maria de los Ángeles
14082,82,14,Jalisco,Sayula
14083,83,14,Jalisco,Tala
14084,84,14,Jalisco,Talpa de Allende
14085,85,14,Jalisco,Tamazula de Gordiano
14086,86,14,Jalisco,Tapalpa
14087,87,14,Jalisco,Tecalitlan
14088,88,14,Jalisco,Tecolotlan
14089,89,14,Jalisco,Techaluta de Montenegro
14090,90,14,Jalisco,Tenamaxtlan
14091,91,14,Jalisco,Teocaltiche
14092,92,14,Jalisco,Teocuitatlan de Corona
14093,93,14,Jalisco,Tepatitlan de Morelos
14094,94,14,Jalisco,Tequila
14095,95,14,Jalisco,Teuchitlan
14096,96,14,Jalisco,Tizapan el Alto
14097,97,14,Jalisco,Tlajomulco de Zuniga
14098,98,14,Jalisco,Tlaquepaque
14099,99,14,Jalisco,Toliman
14100,100,14,Jalisco,Tomatlan
14101,101,14,Jalisco,Tonala
14102,102,14,Jalisco,Tonaya
14103,103,14,Jalisco,Tonila
14104,104,14,Jalisco,Totatiche
14105,105,14,Jalisco,Tototlan
14106,106,14,Jalisco,Tuxcacuesco
14107,107,14,Jalisco,Tuxcueca
14108,108,14,Jalisco,Tuxpan
14109,109,14,Jalisco,Union de San Antonio
14110,110,14,Jalisco,Union de Tula
14111,111,14,Jalisco,Valle de Guadalupe
14112,112,14,Jalisco,Valle de Juarez
14113,113,14,Jalisco,San Gabriel
14114,114,14,Jalisco,Villa Corona
14115,115,14,Jalisco,Villa Guerrero
14116,116,14,Jalisco,Villa Hidalgo
14117,117,14,Jalisco,Canadas de Obregon
14118,118,14,Jalisco,Yahualica de Gonzalez Gallo
14119,119,14,Jalisco,Zacoalco de Torres
14120,120,14,Jalisco,Zapopan
14121,121,14,Jalisco,Zapotiltic
14122,122,14,Jalisco,Zapotitlan de Vadillo
14123,123,14,Jalisco,Zapotlan del Rey
14124,124,14,Jalisco,Zapotlanejo
14125,125,14,Jalisco,San Ignacio Cerro Gordo
14996,996,14,Jalisco,No especificado
14997,997,14,Jalisco,Otros estados
14998,998,14,Jalisco,Otros municipios
15001,1,15,Mexico,Acambay de Ruiz Castaneda
15002,2,15,Mexico,Acolman
15003,3,15,Mexico,Aculco
15004,4,15,Mexico,Almoloya de Alquisiras
15005,5,15,Mexico,Almoloya de Juarez
15006,6,15,Mexico,Almoloya del Rio
15007,7,15,Mexico,Amanalco
15008,8,15,Mexico,Amatepec
15009,9,15,Mexico,Amecameca
15010,10,15,Mexico,Apaxco
15011,11,15,Mexico,Atenco
15012,12,15,Mexico,Atizapan
15013,13,15,Mexico,Atizapan de Zaragoza
15014,14,15,Mexico,Atlacomulco
15015,15,15,Mexico,Atlautla
15016,16,15,Mexico,Axapusco
15017,17,15,Mexico,Ayapango
15018,18,15,Mexico,Calimaya
15019,19,15,Mexico,Capulhuac
15020,20,15,Mexico,Coacalco de Berriozabal
15021,21,15,Mexico,Coatepec Harinas
15022,22,15,Mexico,Cocotitlan
15023,23,15,Mexico,Coyotepec
15024,24,15,Mexico,Cuautitlan
15025,25,15,Mexico,Chalco
15026,26,15,Mexico,Chapa de Mota
15027,27,15,Mexico,Chapultepec
15028,28,15,Mexico,Chiautla
15029,29,15,Mexico,Chicoloapan
15030,30,15,Mexico,Chiconcuac
15031,31,15,Mexico,Chimalhuacan
15032,32,15,Mexico,Donato Guerra
15033,33,15,Mexico,Ecatepec de Morelos
15034,34,15,Mexico,Ecatzingo
15035,35,15,Mexico,Huehuetoca
15036,36,15,Mexico,Hueypoxtla
15037,37,15,Mexico,Huixquilucan
15038,38,15,Mexico,Isidro Fabela
15039,39,15,Mexico,Ixtapaluca
15040,40,15,Mexico,Ixtapan de la Sal
15041,41,15,Mexico,Ixtapan del Oro
15042,42,15,Mexico,Ixtlahuaca
15043,43,15,Mexico,Xalatlaco
15044,44,15,Mexico,Jaltenco
15045,45,15,Mexico,Jilotepec
15046,46,15,Mexico,Jilotzingo
15047,47,15,Mexico,Jiquipilco
15048,48,15,Mexico,Jocotitlan
15049,49,15,Mexico,Joquicingo
15050,50,15,Mexico,Juchitepec
15051,51,15,Mexico,Lerma
15052,52,15,Mexico,Malinalco
15053,53,15,Mexico,Melchor Ocampo
15054,54,15,Mexico,Metepec
15055,55,15,Mexico,Mexicaltzingo
15056,56,15,Mexico,Morelos
15057,57,15,Mexico,Naucalpan de Juarez
15058,58,15,Mexico,Nezahualcoyotl
15059,59,15,Mexico,Nextlalpan
15060,60,15,Mexico,Nicolas Romero
15061,61,15,Mexico,Nopaltepec
15062,62,15,Mexico,Ocoyoacac
15063,63,15,Mexico,Ocuilan
15064,64,15,Mexico,El Oro
15065,65,15,Mexico,Otumba
15066,66,15,Mexico,Otzoloapan
15067,67,15,Mexico,Otzolotepec
15068,68,15,Mexico,Ozumba
15069,69,15,Mexico,Papalotla
15070,70,15,Mexico,La Paz
15071,71,15,Mexico,Polotitlan
15072,72,15,Mexico,Rayon
15073,73,15,Mexico,San Antonio la Isla
15074,74,15,Mexico,San Felipe del Progreso
15075,75,15,Mexico,San Martin de las Piramides
15076,76,15,Mexico,San Mateo Atenco
15077,77,15,Mexico,San Simon de Guerrero
15078,78,15,Mexico,Santo Tomas
15079,79,15,Mexico,Soyaniquilpan de Juarez
15080,80,15,Mexico,Sultepec
15081,81,15,Mexico,Tecamac
15082,82,15,Mexico,Tejupilco
15083,83,15,Mexico,Temamatla
15084,84,15,Mexico,Temascalapa
15085,85,15,Mexico,Temascalcingo
15086,86,15,Mexico,Temascaltepec
15087,87,15,Mexico,Temoaya
15088,88,15,Mexico,Tenancingo
15089,89,15,Mexico,Tenango del Aire
15090,90,15,Mexico,Tenango del Valle
15091,91,15,Mexico,Teoloyucan
15092,92,15,Mexico,Teotihuacan
15093,93,15,Mexico,Tepetlaoxtoc
15094,94,15,Mexico,Tepetlixpa
15095,95,15,Mexico,Tepotzotlan
15096,96,15,Mexico,Tequixquiac
15097,97,15,Mexico,Texcaltitlan
15098,98,15,Mexico,Texcalyacac
15099,99,15,Mexico,Texcoco
15100,100,15,Mexico,Tezoyuca
15101,101,15,Mexico,Tianguistenco
15102,102,15,Mexico,Timilpan
15103,103,15,Mexico,Tlalmanalco
15104,104,15,Mexico,Tlalnepantla de Baz
15105,105,15,Mexico,Tlatlaya
15106,106,15,Mexico,Toluca
15107,107,15,Mexico,Tonatico
15108,108,15,Mexico,Tultepec
15109,109,15,Mexico,Tultitlan
15110,110,15,Mexico,Valle de Bravo
15111,111,15,Mexico,Villa de Allende
15112,112,15,Mexico,Villa del Carbon
15113,113,15,Mexico,Villa Guerrero
15114,114,15,Mexico,Villa Victoria
15115,115,15,Mexico,Xonacatlan
15116,116,15,Mexico,Zacazonapan
15117,117,15,Mexico,Zacualpan
15118,118,15,Mexico,Zinacantepec
15119,119,15,Mexico,Zumpahuacan
15120,120,15,Mexico,Zumpango
15121,121,15,Mexico,Cuautitlan Izcalli
15122,122,15,Mexico,Valle de Chalco Solidaridad
15123,123,15,Mexico,Luvianos
15124,124,15,Mexico,San Jose del Rincon
15125,125,15,Mexico,Tonanitla
15996,996,15,Mexico,No especificado
15997,997,15,Mexico,Otros estados
15998,998,15,Mexico,Otros municipios
16001,1,16,Michoacan,Acuitzio
16002,2,16,Michoacan,Aguililla
16003,3,16,Michoacan,Álvaro Obregon
16004,4,16,Michoacan,Angamacutiro
16005,5,16,Michoacan,Angangueo
16006,6,16,Michoacan,Apatzingan
16007,7,16,Michoacan,Aporo
16008,8,16,Michoacan,Aquila
16009,9,16,Michoacan,Ario
16010,10,16,Michoacan,Arteaga
16011,11,16,Michoacan,Brisenas
16012,12,16,Michoacan,Buenavista
16013,13,16,Michoacan,Caracuaro
16014,14,16,Michoacan,Coahuayana
16015,15,16,Michoacan,Coalcoman de Vazquez Pallares
16016,16,16,Michoacan,Coeneo
16017,17,16,Michoacan,Contepec
16018,18,16,Michoacan,Copandaro
16019,19,16,Michoacan,Cotija
16020,20,16,Michoacan,Cuitzeo
16021,21,16,Michoacan,Charapan
16022,22,16,Michoacan,Charo
16023,23,16,Michoacan,Chavinda
16024,24,16,Michoacan,Cheran
16025,25,16,Michoacan,Chilchota
16026,26,16,Michoacan,Chinicuila
16027,27,16,Michoacan,Chucandiro
16028,28,16,Michoacan,Churintzio
16029,29,16,Michoacan,Churumuco
16030,30,16,Michoacan,Ecuandureo
16031,31,16,Michoacan,Epitacio Huerta
16032,32,16,Michoacan,Erongaricuaro
16033,33,16,Michoacan,Gabriel Zamora
16034,34,16,Michoacan,Hidalgo
16035,35,16,Michoacan,La Huacana
16036,36,16,Michoacan,Huandacareo
16037,37,16,Michoacan,Huaniqueo
16038,38,16,Michoacan,Huetamo
16039,39,16,Michoacan,Huiramba
16040,40,16,Michoacan,Indaparapeo
16041,41,16,Michoacan,Irimbo
16042,42,16,Michoacan,Ixtlan
16043,43,16,Michoacan,Jacona
16044,44,16,Michoacan,Jimenez
16045,45,16,Michoacan,Jiquilpan
16046,46,16,Michoacan,Juarez
16047,47,16,Michoacan,Jungapeo
16048,48,16,Michoacan,Lagunillas
16049,49,16,Michoacan,Madero
16050,50,16,Michoacan,Maravatio
16051,51,16,Michoacan,Marcos Castellanos
16052,52,16,Michoacan,Lazaro Cardenas
16053,53,16,Michoacan,Morelia
16054,54,16,Michoacan,Morelos
16055,55,16,Michoacan,Mugica
16056,56,16,Michoacan,Nahuatzen
16057,57,16,Michoacan,Nocupetaro
16058,58,16,Michoacan,Nuevo Parangaricutiro
16059,59,16,Michoacan,Nuevo Urecho
16060,60,16,Michoacan,Numaran
16061,61,16,Michoacan,Ocampo
16062,62,16,Michoacan,Pajacuaran
16063,63,16,Michoacan,Panindicuaro
16064,64,16,Michoacan,Paracuaro
16065,65,16,Michoacan,Paracho
16066,66,16,Michoacan,Patzcuaro
16067,67,16,Michoacan,Penjamillo
16068,68,16,Michoacan,Periban
16069,69,16,Michoacan,La Piedad
16070,70,16,Michoacan,Purepero
16071,71,16,Michoacan,Puruandiro
16072,72,16,Michoacan,Querendaro
16073,73,16,Michoacan,Quiroga
16074,74,16,Michoacan,Cojumatlan de Regules
16075,75,16,Michoacan,Los Reyes
16076,76,16,Michoacan,Sahuayo
16077,77,16,Michoacan,San Lucas
16078,78,16,Michoacan,Santa Ana Maya
16079,79,16,Michoacan,Salvador Escalante
16080,80,16,Michoacan,Senguio
16081,81,16,Michoacan,Susupuato
16082,82,16,Michoacan,Tacambaro
16083,83,16,Michoacan,Tancitaro
16084,84,16,Michoacan,Tangamandapio
16085,85,16,Michoacan,Tangancicuaro
16086,86,16,Michoacan,Tanhuato
16087,87,16,Michoacan,Taretan
16088,88,16,Michoacan,Tarimbaro
16089,89,16,Michoacan,Tepalcatepec
16090,90,16,Michoacan,Tingambato
16091,91,16,Michoacan,Tingüindin
16092,92,16,Michoacan,Tiquicheo de Nicolas Romero
16093,93,16,Michoacan,Tlalpujahua
16094,94,16,Michoacan,Tlazazalca
16095,95,16,Michoacan,Tocumbo
16096,96,16,Michoacan,Tumbiscatio
16097,97,16,Michoacan,Turicato
16098,98,16,Michoacan,Tuxpan
16099,99,16,Michoacan,Tuzantla
16100,100,16,Michoacan,Tzintzuntzan
16101,101,16,Michoacan,Tzitzio
16102,102,16,Michoacan,Uruapan
16103,103,16,Michoacan,Venustiano Carranza
16104,104,16,Michoacan,Villamar
16105,105,16,Michoacan,Vista Hermosa
16106,106,16,Michoacan,Yurecuaro
16107,107,16,Michoacan,Zacapu
16108,108,16,Michoacan,Zamora
16109,109,16,Michoacan,Zinaparo
16110,110,16,Michoacan,Zinapecuaro
16111,111,16,Michoacan,Ziracuaretiro
16112,112,16,Michoacan,Zitacuaro
16113,113,16,Michoacan,Jose Sixto Verduzco
16996,996,16,Michoacan,No especificado
16997,997,16,Michoacan,Otros estados
16998,998,16,Michoacan,Otros municipios
17001,1,17,Morelos,Amacuzac
17002,2,17,Morelos,Atlatlahucan
17003,3,17,Morelos,Axochiapan
17004,4,17,Morelos,Ayala
17005,5,17,Morelos,Coatlan del Rio
17006,6,17,Morelos,Cuautla
17007,7,17,Morelos,Cuernavaca
17008,8,17,Morelos,Emiliano Zapata
17009,9,17,Morelos,Huitzilac
17010,10,17,Morelos,Jantetelco
17011,11,17,Morelos,Jiutepec
17012,12,17,Morelos,Jojutla
17013,13,17,Morelos,Jonacatepec
17014,14,17,Morelos,Mazatepec
17015,15,17,Morelos,Miacatlan
17016,16,17,Morelos,Ocuituco
17017,17,17,Morelos,Puente de Ixtla
17018,18,17,Morelos,Temixco
17019,19,17,Morelos,Tepalcingo
17020,20,17,Morelos,Tepoztlan
17021,21,17,Morelos,Tetecala
17022,22,17,Morelos,Tetela del Volcan
17023,23,17,Morelos,Tlalnepantla
17024,24,17,Morelos,Tlaltizapan de Zapata
17025,25,17,Morelos,Tlaquiltenango
17026,26,17,Morelos,Tlayacapan
17027,27,17,Morelos,Totolapan
17028,28,17,Morelos,Xochitepec
17029,29,17,Morelos,Yautepec
17030,30,17,Morelos,Yecapixtla
17031,31,17,Morelos,Zacatepec
17032,32,17,Morelos,Zacualpan
17033,33,17,Morelos,Temoac
17996,996,17,Morelos,No especificado
17997,997,17,Morelos,Otros estados
17998,998,17,Morelos,Otros municipios
18001,1,18,Nayarit,Acaponeta
18002,2,18,Nayarit,Ahuacatlan
18003,3,18,Nayarit,Amatlan de Canas
18004,4,18,Nayarit,Compostela
18005,5,18,Nayarit,Huajicori
18006,6,18,Nayarit,Ixtlan del Rio
18007,7,18,Nayarit,Jala
18008,8,18,Nayarit,Xalisco
18009,9,18,Nayarit,Del Nayar
18010,10,18,Nayarit,Rosamorada
18011,11,18,Nayarit,Ruiz
18012,12,18,Nayarit,San Blas
18013,13,18,Nayarit,San Pedro Lagunillas
18014,14,18,Nayarit,Santa Maria del Oro
18015,15,18,Nayarit,Santiago Ixcuintla
18016,16,18,Nayarit,Tecuala
18017,17,18,Nayarit,Tepic
18018,18,18,Nayarit,Tuxpan
18019,19,18,Nayarit,La Yesca
18020,20,18,Nayarit,Bahia de Banderas
18996,996,18,Nayarit,No especificado
18997,997,18,Nayarit,Otros estados
18998,998,18,Nayarit,Otros municipios
19001,1,19,Nuevo Leon,Abasolo
19002,2,19,Nuevo Leon,Agualeguas
19003,3,19,Nuevo Leon,Los Aldamas
19004,4,19,Nuevo Leon,Allende
19005,5,19,Nuevo Leon,Anahuac
19006,6,19,Nuevo Leon,Apodaca
19007,7,19,Nuevo Leon,Aramberri
19008,8,19,Nuevo Leon,Bustamante
19009,9,19,Nuevo Leon,Cadereyta Jimenez
19010,10,19,Nuevo Leon,El Carmen
19011,11,19,Nuevo Leon,Cerralvo
19012,12,19,Nuevo Leon,Cienega de Flores
19013,13,19,Nuevo Leon,China
19014,14,19,Nuevo Leon,Dr. Arroyo
19015,15,19,Nuevo Leon,Dr. Coss
19016,16,19,Nuevo Leon,Dr. Gonzalez
19017,17,19,Nuevo Leon,Galeana
19018,18,19,Nuevo Leon,Garcia
19019,19,19,Nuevo Leon,San Pedro Garza Garcia
19020,20,19,Nuevo Leon,Gral. Bravo
19021,21,19,Nuevo Leon,Gral. Escobedo
19022,22,19,Nuevo Leon,Gral. Teran
19023,23,19,Nuevo Leon,Gral. Trevino
19024,24,19,Nuevo Leon,Gral. Zaragoza
19025,25,19,Nuevo Leon,Gral. Zuazua
19026,26,19,Nuevo Leon,Guadalupe
19027,27,19,Nuevo Leon,Los Herreras
19028,28,19,Nuevo Leon,Higueras
19029,29,19,Nuevo Leon,Hualahuises
19030,30,19,Nuevo Leon,Iturbide
19031,31,19,Nuevo Leon,Juarez
19032,32,19,Nuevo Leon,Lampazos de Naranjo
19033,33,19,Nuevo Leon,Linares
19034,34,19,Nuevo Leon,Marin
19035,35,19,Nuevo Leon,Melchor Ocampo
19036,36,19,Nuevo Leon,Mier y Noriega
19037,37,19,Nuevo Leon,Mina
19038,38,19,Nuevo Leon,Montemorelos
19039,39,19,Nuevo Leon,Monterrey
19040,40,19,Nuevo Leon,Paras
19041,41,19,Nuevo Leon,Pesqueria
19042,42,19,Nuevo Leon,Los Ramones
19043,43,19,Nuevo Leon,Rayones
19044,44,19,Nuevo Leon,Sabinas Hidalgo
19045,45,19,Nuevo Leon,Salinas Victoria
19046,46,19,Nuevo Leon,San Nicolas de los Garza
19047,47,19,Nuevo Leon,Hidalgo
19048,48,19,Nuevo Leon,Santa Catarina
19049,49,19,Nuevo Leon,Santiago
19050,50,19,Nuevo Leon,Vallecillo
19051,51,19,Nuevo Leon,Villaldama
19996,996,19,Nuevo Leon,No especificado
19997,997,19,Nuevo Leon,Otros estados
19998,998,19,Nuevo Leon,Otros municipios
20001,1,20,Oaxaca,Abejones
20002,2,20,Oaxaca,Acatlan de Perez Figueroa
20003,3,20,Oaxaca,Asuncion Cacalotepec
20004,4,20,Oaxaca,Asuncion Cuyotepeji
20005,5,20,Oaxaca,Asuncion Ixtaltepec
20006,6,20,Oaxaca,Asuncion Nochixtlan
20007,7,20,Oaxaca,Asuncion Ocotlan
20008,8,20,Oaxaca,Asuncion Tlacolulita
20009,9,20,Oaxaca,Ayotzintepec
20010,10,20,Oaxaca,El Barrio de la Soledad
20011,11,20,Oaxaca,Calihuala
20012,12,20,Oaxaca,Candelaria Loxicha
20013,13,20,Oaxaca,Cienega de Zimatlan
20014,14,20,Oaxaca,Ciudad Ixtepec
20015,15,20,Oaxaca,Coatecas Altas
20016,16,20,Oaxaca,Coicoyan de las Flores
20017,17,20,Oaxaca,La Compania
20018,18,20,Oaxaca,Concepcion Buenavista
20019,19,20,Oaxaca,Concepcion Papalo
20020,20,20,Oaxaca,Constancia del Rosario
20021,21,20,Oaxaca,Cosolapa
20022,22,20,Oaxaca,Cosoltepec
20023,23,20,Oaxaca,Cuilapam de Guerrero
20024,24,20,Oaxaca,Cuyamecalco Villa de Zaragoza
20025,25,20,Oaxaca,Chahuites
20026,26,20,Oaxaca,Chalcatongo de Hidalgo
20027,27,20,Oaxaca,Chiquihuitlan de Benito Juarez
20028,28,20,Oaxaca,Heroica Ciudad de Ejutla de Crespo
20029,29,20,Oaxaca,Eloxochitlan de Flores Magon
20030,30,20,Oaxaca,El Espinal
20031,31,20,Oaxaca,Tamazulapam del Espiritu Santo
20032,32,20,Oaxaca,Fresnillo de Trujano
20033,33,20,Oaxaca,Guadalupe Etla
20034,34,20,Oaxaca,Guadalupe de Ramirez
20035,35,20,Oaxaca,Guelatao de Juarez
20036,36,20,Oaxaca,Guevea de Humboldt
20037,37,20,Oaxaca,Mesones Hidalgo
20038,38,20,Oaxaca,Villa Hidalgo
20039,39,20,Oaxaca,Heroica Ciudad de Huajuapan de Leon
20040,40,20,Oaxaca,Huautepec
20041,41,20,Oaxaca,Huautla de Jimenez
20042,42,20,Oaxaca,Ixtlan de Juarez
20043,43,20,Oaxaca,Heroica Ciudad de Juchitan de Zaragoza
20044,44,20,Oaxaca,Loma Bonita
20045,45,20,Oaxaca,Magdalena Apasco
20046,46,20,Oaxaca,Magdalena Jaltepec
20047,47,20,Oaxaca,Santa Magdalena Jicotlan
20048,48,20,Oaxaca,Magdalena Mixtepec
20049,49,20,Oaxaca,Magdalena Ocotlan
20050,50,20,Oaxaca,Magdalena Penasco
20051,51,20,Oaxaca,Magdalena Teitipac
20052,52,20,Oaxaca,Magdalena Tequisistlan
20053,53,20,Oaxaca,Magdalena Tlacotepec
20054,54,20,Oaxaca,Magdalena Zahuatlan
20055,55,20,Oaxaca,Mariscala de Juarez
20056,56,20,Oaxaca,Martires de Tacubaya
20057,57,20,Oaxaca,Matias Romero Avendano
20058,58,20,Oaxaca,Mazatlan Villa de Flores
20059,59,20,Oaxaca,Miahuatlan de Porfirio Diaz
20060,60,20,Oaxaca,Mixistlan de la Reforma
20061,61,20,Oaxaca,Monjas
20062,62,20,Oaxaca,Natividad
20063,63,20,Oaxaca,Nazareno Etla
20064,64,20,Oaxaca,Nejapa de Madero
20065,65,20,Oaxaca,Ixpantepec Nieves
20066,66,20,Oaxaca,Santiago Niltepec
20067,67,20,Oaxaca,Oaxaca de Juarez
20068,68,20,Oaxaca,Ocotlan de Morelos
20069,69,20,Oaxaca,La Pe
20070,70,20,Oaxaca,Pinotepa de Don Luis
20071,71,20,Oaxaca,Pluma Hidalgo
20072,72,20,Oaxaca,San Jose del Progreso
20073,73,20,Oaxaca,Putla Villa de Guerrero
20074,74,20,Oaxaca,Santa Catarina Quioquitani
20075,75,20,Oaxaca,Reforma de Pineda
20076,76,20,Oaxaca,La Reforma
20077,77,20,Oaxaca,Reyes Etla
20078,78,20,Oaxaca,Rojas de Cuauhtemoc
20079,79,20,Oaxaca,Salina Cruz
20080,80,20,Oaxaca,San Agustin Amatengo
20081,81,20,Oaxaca,San Agustin Atenango
20082,82,20,Oaxaca,San Agustin Chayuco
20083,83,20,Oaxaca,San Agustin de las Juntas
20084,84,20,Oaxaca,San Agustin Etla
20085,85,20,Oaxaca,San Agustin Loxicha
20086,86,20,Oaxaca,San Agustin Tlacotepec
20087,87,20,Oaxaca,San Agustin Yatareni
20088,88,20,Oaxaca,San Andres Cabecera Nueva
20089,89,20,Oaxaca,San Andres Dinicuiti
20090,90,20,Oaxaca,San Andres Huaxpaltepec
20091,91,20,Oaxaca,San Andres Huayapam
20092,92,20,Oaxaca,San Andres Ixtlahuaca
20093,93,20,Oaxaca,San Andres Lagunas
20094,94,20,Oaxaca,San Andres Nuxino
20095,95,20,Oaxaca,San Andres Paxtlan
20096,96,20,Oaxaca,San Andres Sinaxtla
20097,97,20,Oaxaca,San Andres Solaga
20098,98,20,Oaxaca,San Andres Teotilalpam
20099,99,20,Oaxaca,San Andres Tepetlapa
20100,100,20,Oaxaca,San Andres Yaa
20101,101,20,Oaxaca,San Andres Zabache
20102,102,20,Oaxaca,San Andres Zautla
20103,103,20,Oaxaca,San Antonino Castillo Velasco
20104,104,20,Oaxaca,San Antonino el Alto
20105,105,20,Oaxaca,San Antonino Monte Verde
20106,106,20,Oaxaca,San Antonio Acutla
20107,107,20,Oaxaca,San Antonio de la Cal
20108,108,20,Oaxaca,San Antonio Huitepec
20109,109,20,Oaxaca,San Antonio Nanahuatipam
20110,110,20,Oaxaca,San Antonio Sinicahua
20111,111,20,Oaxaca,San Antonio Tepetlapa
20112,112,20,Oaxaca,San Baltazar Chichicapam
20113,113,20,Oaxaca,San Baltazar Loxicha
20114,114,20,Oaxaca,San Baltazar Yatzachi el Bajo
20115,115,20,Oaxaca,San Bartolo Coyotepec
20116,116,20,Oaxaca,San Bartolome Ayautla
20117,117,20,Oaxaca,San Bartolome Loxicha
20118,118,20,Oaxaca,San Bartolome Quialana
20119,119,20,Oaxaca,San Bartolome Yucuane
20120,120,20,Oaxaca,San Bartolome Zoogocho
20121,121,20,Oaxaca,San Bartolo Soyaltepec
20122,122,20,Oaxaca,San Bartolo Yautepec
20123,123,20,Oaxaca,San Bernardo Mixtepec
20124,124,20,Oaxaca,San Blas Atempa
20125,125,20,Oaxaca,San Carlos Yautepec
20126,126,20,Oaxaca,San Cristobal Amatlan
20127,127,20,Oaxaca,San Cristobal Amoltepec
20128,128,20,Oaxaca,San Cristobal Lachirioag
20129,129,20,Oaxaca,San Cristobal Suchixtlahuaca
20130,130,20,Oaxaca,San Dionisio del Mar
20131,131,20,Oaxaca,San Dionisio Ocotepec
20132,132,20,Oaxaca,San Dionisio Ocotlan
20133,133,20,Oaxaca,San Esteban Atatlahuca
20134,134,20,Oaxaca,San Felipe Jalapa de Diaz
20135,135,20,Oaxaca,San Felipe Tejalapam
20136,136,20,Oaxaca,San Felipe Usila
20137,137,20,Oaxaca,San Francisco Cahuacua
20138,138,20,Oaxaca,San Francisco Cajonos
20139,139,20,Oaxaca,San Francisco Chapulapa
20140,140,20,Oaxaca,San Francisco Chindua
20141,141,20,Oaxaca,San Francisco del Mar
20142,142,20,Oaxaca,San Francisco Huehuetlan
20143,143,20,Oaxaca,San Francisco Ixhuatan
20144,144,20,Oaxaca,San Francisco Jaltepetongo
20145,145,20,Oaxaca,San Francisco Lachigolo
20146,146,20,Oaxaca,San Francisco Logueche
20147,147,20,Oaxaca,San Francisco Nuxano
20148,148,20,Oaxaca,San Francisco Ozolotepec
20149,149,20,Oaxaca,San Francisco Sola
20150,150,20,Oaxaca,San Francisco Telixtlahuaca
20151,151,20,Oaxaca,San Francisco Teopan
20152,152,20,Oaxaca,San Francisco Tlapancingo
20153,153,20,Oaxaca,San Gabriel Mixtepec
20154,154,20,Oaxaca,San Ildefonso Amatlan
20155,155,20,Oaxaca,San Ildefonso Sola
20156,156,20,Oaxaca,San Ildefonso Villa Alta
20157,157,20,Oaxaca,San Jacinto Amilpas
20158,158,20,Oaxaca,San Jacinto Tlacotepec
20159,159,20,Oaxaca,San Jeronimo Coatlan
20160,160,20,Oaxaca,San Jeronimo Silacayoapilla
20161,161,20,Oaxaca,San Jeronimo Sosola
20162,162,20,Oaxaca,San Jeronimo Taviche
20163,163,20,Oaxaca,San Jeronimo Tecoatl
20164,164,20,Oaxaca,San Jorge Nuchita
20165,165,20,Oaxaca,San Jose Ayuquila
20166,166,20,Oaxaca,San Jose Chiltepec
20167,167,20,Oaxaca,San Jose del Penasco
20168,168,20,Oaxaca,San Jose Estancia Grande
20169,169,20,Oaxaca,San Jose Independencia
20170,170,20,Oaxaca,San Jose Lachiguiri
20171,171,20,Oaxaca,San Jose Tenango
20172,172,20,Oaxaca,San Juan Achiutla
20173,173,20,Oaxaca,San Juan Atepec
20174,174,20,Oaxaca,Ánimas Trujano
20175,175,20,Oaxaca,San Juan Bautista Atatlahuca
20176,176,20,Oaxaca,San Juan Bautista Coixtlahuaca
20177,177,20,Oaxaca,San Juan Bautista Cuicatlan
20178,178,20,Oaxaca,San Juan Bautista Guelache
20179,179,20,Oaxaca,San Juan Bautista Jayacatlan
20180,180,20,Oaxaca,San Juan Bautista Lo de Soto
20181,181,20,Oaxaca,San Juan Bautista Suchitepec
20182,182,20,Oaxaca,San Juan Bautista Tlacoatzintepec
20183,183,20,Oaxaca,San Juan Bautista Tlachichilco
20184,184,20,Oaxaca,San Juan Bautista Tuxtepec
20185,185,20,Oaxaca,San Juan Cacahuatepec
20186,186,20,Oaxaca,San Juan Cieneguilla
20187,187,20,Oaxaca,San Juan Coatzospam
20188,188,20,Oaxaca,San Juan Colorado
20189,189,20,Oaxaca,San Juan Comaltepec
20190,190,20,Oaxaca,San Juan Cotzocon
20191,191,20,Oaxaca,San Juan Chicomezuchil
20192,192,20,Oaxaca,San Juan Chilateca
20193,193,20,Oaxaca,San Juan del Estado
20194,194,20,Oaxaca,San Juan del Rio
20195,195,20,Oaxaca,San Juan Diuxi
20196,196,20,Oaxaca,San Juan Evangelista Analco
20197,197,20,Oaxaca,San Juan Guelavia
20198,198,20,Oaxaca,San Juan Guichicovi
20199,199,20,Oaxaca,San Juan Ihualtepec
20200,200,20,Oaxaca,San Juan Juquila Mixes
20201,201,20,Oaxaca,San Juan Juquila Vijanos
20202,202,20,Oaxaca,San Juan Lachao
20203,203,20,Oaxaca,San Juan Lachigalla
20204,204,20,Oaxaca,San Juan Lajarcia
20205,205,20,Oaxaca,San Juan Lalana
20206,206,20,Oaxaca,San Juan de los Cues
20207,207,20,Oaxaca,San Juan Mazatlan
20208,208,20,Oaxaca,San Juan Mixtepec -Dto. 08 -
20209,209,20,Oaxaca,San Juan Mixtepec -Dto. 26 -
20210,210,20,Oaxaca,San Juan Ñumi
20211,211,20,Oaxaca,San Juan Ozolotepec
20212,212,20,Oaxaca,San Juan Petlapa
20213,213,20,Oaxaca,San Juan Quiahije
20214,214,20,Oaxaca,San Juan Quiotepec
20215,215,20,Oaxaca,San Juan Sayultepec
20216,216,20,Oaxaca,San Juan Tabaa
20217,217,20,Oaxaca,San Juan Tamazola
20218,218,20,Oaxaca,San Juan Teita
20219,219,20,Oaxaca,San Juan Teitipac
20220,220,20,Oaxaca,San Juan Tepeuxila
20221,221,20,Oaxaca,San Juan Teposcolula
20222,222,20,Oaxaca,San Juan Yaee
20223,223,20,Oaxaca,San Juan Yatzona
20224,224,20,Oaxaca,San Juan Yucuita
20225,225,20,Oaxaca,San Lorenzo
20226,226,20,Oaxaca,San Lorenzo Albarradas
20227,227,20,Oaxaca,San Lorenzo Cacaotepec
20228,228,20,Oaxaca,San Lorenzo Cuaunecuiltitla
20229,229,20,Oaxaca,San Lorenzo Texmelucan
20230,230,20,Oaxaca,San Lorenzo Victoria
20231,231,20,Oaxaca,San Lucas Camotlan
20232,232,20,Oaxaca,San Lucas Ojitlan
20233,233,20,Oaxaca,San Lucas Quiavini
20234,234,20,Oaxaca,San Lucas Zoquiapam
20235,235,20,Oaxaca,San Luis Amatlan
20236,236,20,Oaxaca,San Marcial Ozolotepec
20237,237,20,Oaxaca,San Marcos Arteaga
20238,238,20,Oaxaca,San Martin de los Cansecos
20239,239,20,Oaxaca,San Martin Huamelulpam
20240,240,20,Oaxaca,San Martin Itunyoso
20241,241,20,Oaxaca,San Martin Lachila
20242,242,20,Oaxaca,San Martin Peras
20243,243,20,Oaxaca,San Martin Tilcajete
20244,244,20,Oaxaca,San Martin Toxpalan
20245,245,20,Oaxaca,San Martin Zacatepec
20246,246,20,Oaxaca,San Mateo Cajonos
20247,247,20,Oaxaca,Capulalpam de Mendez
20248,248,20,Oaxaca,San Mateo del Mar
20249,249,20,Oaxaca,San Mateo Yoloxochitlan
20250,250,20,Oaxaca,San Mateo Etlatongo
20251,251,20,Oaxaca,San Mateo Nejapam
20252,252,20,Oaxaca,San Mateo Penasco
20253,253,20,Oaxaca,San Mateo Pinas
20254,254,20,Oaxaca,San Mateo Rio Hondo
20255,255,20,Oaxaca,San Mateo Sindihui
20256,256,20,Oaxaca,San Mateo Tlapiltepec
20257,257,20,Oaxaca,San Melchor Betaza
20258,258,20,Oaxaca,San Miguel Achiutla
20259,259,20,Oaxaca,San Miguel Ahuehuetitlan
20260,260,20,Oaxaca,San Miguel Aloapam
20261,261,20,Oaxaca,San Miguel Amatitlan
20262,262,20,Oaxaca,San Miguel Amatlan
20263,263,20,Oaxaca,San Miguel Coatlan
20264,264,20,Oaxaca,San Miguel Chicahua
20265,265,20,Oaxaca,San Miguel Chimalapa
20266,266,20,Oaxaca,San Miguel del Puerto
20267,267,20,Oaxaca,San Miguel del Rio
20268,268,20,Oaxaca,San Miguel Ejutla
20269,269,20,Oaxaca,San Miguel el Grande
20270,270,20,Oaxaca,San Miguel Huautla
20271,271,20,Oaxaca,San Miguel Mixtepec
20272,272,20,Oaxaca,San Miguel Panixtlahuaca
20273,273,20,Oaxaca,San Miguel Peras
20274,274,20,Oaxaca,San Miguel Piedras
20275,275,20,Oaxaca,San Miguel Quetzaltepec
20276,276,20,Oaxaca,San Miguel Santa Flor
20277,277,20,Oaxaca,Villa Sola de Vega
20278,278,20,Oaxaca,San Miguel Soyaltepec
20279,279,20,Oaxaca,San Miguel Suchixtepec
20280,280,20,Oaxaca,Villa Talea de Castro
20281,281,20,Oaxaca,San Miguel Tecomatlan
20282,282,20,Oaxaca,San Miguel Tenango
20283,283,20,Oaxaca,San Miguel Tequixtepec
20284,284,20,Oaxaca,San Miguel Tilquiapam
20285,285,20,Oaxaca,San Miguel Tlacamama
20286,286,20,Oaxaca,San Miguel Tlacotepec
20287,287,20,Oaxaca,San Miguel Tulancingo
20288,288,20,Oaxaca,San Miguel Yotao
20289,289,20,Oaxaca,San Nicolas
20290,290,20,Oaxaca,San Nicolas Hidalgo
20291,291,20,Oaxaca,San Pablo Coatlan
20292,292,20,Oaxaca,San Pablo Cuatro Venados
20293,293,20,Oaxaca,San Pablo Etla
20294,294,20,Oaxaca,San Pablo Huitzo
20295,295,20,Oaxaca,San Pablo Huixtepec
20296,296,20,Oaxaca,San Pablo Macuiltianguis
20297,297,20,Oaxaca,San Pablo Tijaltepec
20298,298,20,Oaxaca,San Pablo Villa de Mitla
20299,299,20,Oaxaca,San Pablo Yaganiza
20300,300,20,Oaxaca,San Pedro Amuzgos
20301,301,20,Oaxaca,San Pedro Apostol
20302,302,20,Oaxaca,San Pedro Atoyac
20303,303,20,Oaxaca,San Pedro Cajonos
20304,304,20,Oaxaca,San Pedro Coxcaltepec Cantaros
20305,305,20,Oaxaca,San Pedro Comitancillo
20306,306,20,Oaxaca,San Pedro el Alto
20307,307,20,Oaxaca,San Pedro Huamelula
20308,308,20,Oaxaca,San Pedro Huilotepec
20309,309,20,Oaxaca,San Pedro Ixcatlan
20310,310,20,Oaxaca,San Pedro Ixtlahuaca
20311,311,20,Oaxaca,San Pedro Jaltepetongo
20312,312,20,Oaxaca,San Pedro Jicayan
20313,313,20,Oaxaca,San Pedro Jocotipac
20314,314,20,Oaxaca,San Pedro Juchatengo
20315,315,20,Oaxaca,San Pedro Martir
20316,316,20,Oaxaca,San Pedro Martir Quiechapa
20317,317,20,Oaxaca,San Pedro Martir Yucuxaco
20318,318,20,Oaxaca,San Pedro Mixtepec -Dto. 22 -
20319,319,20,Oaxaca,San Pedro Mixtepec -Dto. 26 -
20320,320,20,Oaxaca,San Pedro Molinos
20321,321,20,Oaxaca,San Pedro Nopala
20322,322,20,Oaxaca,San Pedro Ocopetatillo
20323,323,20,Oaxaca,San Pedro Ocotepec
20324,324,20,Oaxaca,San Pedro Pochutla
20325,325,20,Oaxaca,San Pedro Quiatoni
20326,326,20,Oaxaca,San Pedro Sochiapam
20327,327,20,Oaxaca,San Pedro Tapanatepec
20328,328,20,Oaxaca,San Pedro Taviche
20329,329,20,Oaxaca,San Pedro Teozacoalco
20330,330,20,Oaxaca,San Pedro Teutila
20331,331,20,Oaxaca,San Pedro Tidaa
20332,332,20,Oaxaca,San Pedro Topiltepec
20333,333,20,Oaxaca,San Pedro Totolapam
20334,334,20,Oaxaca,Villa de Tututepec de Melchor Ocampo
20335,335,20,Oaxaca,San Pedro Yaneri
20336,336,20,Oaxaca,San Pedro Yolox
20337,337,20,Oaxaca,San Pedro y San Pablo Ayutla
20338,338,20,Oaxaca,Villa de Etla
20339,339,20,Oaxaca,San Pedro y San Pablo Teposcolula
20340,340,20,Oaxaca,San Pedro y San Pablo Tequixtepec
20341,341,20,Oaxaca,San Pedro Yucunama
20342,342,20,Oaxaca,San Raymundo Jalpan
20343,343,20,Oaxaca,San Sebastian Abasolo
20344,344,20,Oaxaca,San Sebastian Coatlan
20345,345,20,Oaxaca,San Sebastian Ixcapa
20346,346,20,Oaxaca,San Sebastian Nicananduta
20347,347,20,Oaxaca,San Sebastian Rio Hondo
20348,348,20,Oaxaca,San Sebastian Tecomaxtlahuaca
20349,349,20,Oaxaca,San Sebastian Teitipac
20350,350,20,Oaxaca,San Sebastian Tutla
20351,351,20,Oaxaca,San Simon Almolongas
20352,352,20,Oaxaca,San Simon Zahuatlan
20353,353,20,Oaxaca,Santa Ana
20354,354,20,Oaxaca,Santa Ana Ateixtlahuaca
20355,355,20,Oaxaca,Santa Ana Cuauhtemoc
20356,356,20,Oaxaca,Santa Ana del Valle
20357,357,20,Oaxaca,Santa Ana Tavela
20358,358,20,Oaxaca,Santa Ana Tlapacoyan
20359,359,20,Oaxaca,Santa Ana Yareni
20360,360,20,Oaxaca,Santa Ana Zegache
20361,361,20,Oaxaca,Santa Catalina Quieri
20362,362,20,Oaxaca,Santa Catarina Cuixtla
20363,363,20,Oaxaca,Santa Catarina Ixtepeji
20364,364,20,Oaxaca,Santa Catarina Juquila
20365,365,20,Oaxaca,Santa Catarina Lachatao
20366,366,20,Oaxaca,Santa Catarina Loxicha
20367,367,20,Oaxaca,Santa Catarina Mechoacan
20368,368,20,Oaxaca,Santa Catarina Minas
20369,369,20,Oaxaca,Santa Catarina Quiane
20370,370,20,Oaxaca,Santa Catarina Tayata
20371,371,20,Oaxaca,Santa Catarina Ticua
20372,372,20,Oaxaca,Santa Catarina Yosonotu
20373,373,20,Oaxaca,Santa Catarina Zapoquila
20374,374,20,Oaxaca,Santa Cruz Acatepec
20375,375,20,Oaxaca,Santa Cruz Amilpas
20376,376,20,Oaxaca,Santa Cruz de Bravo
20377,377,20,Oaxaca,Santa Cruz Itundujia
20378,378,20,Oaxaca,Santa Cruz Mixtepec
20379,379,20,Oaxaca,Santa Cruz Nundaco
20380,380,20,Oaxaca,Santa Cruz Papalutla
20381,381,20,Oaxaca,Santa Cruz Tacache de Mina
20382,382,20,Oaxaca,Santa Cruz Tacahua
20383,383,20,Oaxaca,Santa Cruz Tayata
20384,384,20,Oaxaca,Santa Cruz Xitla
20385,385,20,Oaxaca,Santa Cruz Xoxocotlan
20386,386,20,Oaxaca,Santa Cruz Zenzontepec
20387,387,20,Oaxaca,Santa Gertrudis
20388,388,20,Oaxaca,Santa Ines del Monte
20389,389,20,Oaxaca,Santa Ines Yatzeche
20390,390,20,Oaxaca,Santa Lucia del Camino
20391,391,20,Oaxaca,Santa Lucia Miahuatlan
20392,392,20,Oaxaca,Santa Lucia Monteverde
20393,393,20,Oaxaca,Santa Lucia Ocotlan
20394,394,20,Oaxaca,Santa Maria Alotepec
20395,395,20,Oaxaca,Santa Maria Apazco
20396,396,20,Oaxaca,Santa Maria la Asuncion
20397,397,20,Oaxaca,Heroica Ciudad de Tlaxiaco
20398,398,20,Oaxaca,Ayoquezco de Aldama
20399,399,20,Oaxaca,Santa Maria Atzompa
20400,400,20,Oaxaca,Santa Maria Camotlan
20401,401,20,Oaxaca,Santa Maria Colotepec
20402,402,20,Oaxaca,Santa Maria Cortijo
20403,403,20,Oaxaca,Santa Maria Coyotepec
20404,404,20,Oaxaca,Santa Maria Chachoapam
20405,405,20,Oaxaca,Villa de Chilapa de Diaz
20406,406,20,Oaxaca,Santa Maria Chilchotla
20407,407,20,Oaxaca,Santa Maria Chimalapa
20408,408,20,Oaxaca,Santa Maria del Rosario
20409,409,20,Oaxaca,Santa Maria del Tule
20410,410,20,Oaxaca,Santa Maria Ecatepec
20411,411,20,Oaxaca,Santa Maria Guelace
20412,412,20,Oaxaca,Santa Maria Guienagati
20413,413,20,Oaxaca,Santa Maria Huatulco
20414,414,20,Oaxaca,Santa Maria Huazolotitlan
20415,415,20,Oaxaca,Santa Maria Ipalapa
20416,416,20,Oaxaca,Santa Maria Ixcatlan
20417,417,20,Oaxaca,Santa Maria Jacatepec
20418,418,20,Oaxaca,Santa Maria Jalapa del Marques
20419,419,20,Oaxaca,Santa Maria Jaltianguis
20420,420,20,Oaxaca,Santa Maria Lachixio
20421,421,20,Oaxaca,Santa Maria Mixtequilla
20422,422,20,Oaxaca,Santa Maria Nativitas
20423,423,20,Oaxaca,Santa Maria Nduayaco
20424,424,20,Oaxaca,Santa Maria Ozolotepec
20425,425,20,Oaxaca,Santa Maria Papalo
20426,426,20,Oaxaca,Santa Maria Penoles
20427,427,20,Oaxaca,Santa Maria Petapa
20428,428,20,Oaxaca,Santa Maria Quiegolani
20429,429,20,Oaxaca,Santa Maria Sola
20430,430,20,Oaxaca,Santa Maria Tataltepec
20431,431,20,Oaxaca,Santa Maria Tecomavaca
20432,432,20,Oaxaca,Santa Maria Temaxcalapa
20433,433,20,Oaxaca,Santa Maria Temaxcaltepec
20434,434,20,Oaxaca,Santa Maria Teopoxco
20435,435,20,Oaxaca,Santa Maria Tepantlali
20436,436,20,Oaxaca,Santa Maria Texcatitlan
20437,437,20,Oaxaca,Santa Maria Tlahuitoltepec
20438,438,20,Oaxaca,Santa Maria Tlalixtac
20439,439,20,Oaxaca,Santa Maria Tonameca
20440,440,20,Oaxaca,Santa Maria Totolapilla
20441,441,20,Oaxaca,Santa Maria Xadani
20442,442,20,Oaxaca,Santa Maria Yalina
20443,443,20,Oaxaca,Santa Maria Yavesia
20444,444,20,Oaxaca,Santa Maria Yolotepec
20445,445,20,Oaxaca,Santa Maria Yosoyua
20446,446,20,Oaxaca,Santa Maria Yucuhiti
20447,447,20,Oaxaca,Santa Maria Zacatepec
20448,448,20,Oaxaca,Santa Maria Zaniza
20449,449,20,Oaxaca,Santa Maria Zoquitlan
20450,450,20,Oaxaca,Santiago Amoltepec
20451,451,20,Oaxaca,Santiago Apoala
20452,452,20,Oaxaca,Santiago Apostol
20453,453,20,Oaxaca,Santiago Astata
20454,454,20,Oaxaca,Santiago Atitlan
20455,455,20,Oaxaca,Santiago Ayuquililla
20456,456,20,Oaxaca,Santiago Cacaloxtepec
20457,457,20,Oaxaca,Santiago Camotlan
20458,458,20,Oaxaca,Santiago Comaltepec
20459,459,20,Oaxaca,Santiago Chazumba
20460,460,20,Oaxaca,Santiago Choapam
20461,461,20,Oaxaca,Santiago del Rio
20462,462,20,Oaxaca,Santiago Huajolotitlan
20463,463,20,Oaxaca,Santiago Huauclilla
20464,464,20,Oaxaca,Santiago Ihuitlan Plumas
20465,465,20,Oaxaca,Santiago Ixcuintepec
20466,466,20,Oaxaca,Santiago Ixtayutla
20467,467,20,Oaxaca,Santiago Jamiltepec
20468,468,20,Oaxaca,Santiago Jocotepec
20469,469,20,Oaxaca,Santiago Juxtlahuaca
20470,470,20,Oaxaca,Santiago Lachiguiri
20471,471,20,Oaxaca,Santiago Lalopa
20472,472,20,Oaxaca,Santiago Laollaga
20473,473,20,Oaxaca,Santiago Laxopa
20474,474,20,Oaxaca,Santiago Llano Grande
20475,475,20,Oaxaca,Santiago Matatlan
20476,476,20,Oaxaca,Santiago Miltepec
20477,477,20,Oaxaca,Santiago Minas
20478,478,20,Oaxaca,Santiago Nacaltepec
20479,479,20,Oaxaca,Santiago Nejapilla
20480,480,20,Oaxaca,Santiago Nundiche
20481,481,20,Oaxaca,Santiago Nuyoo
20482,482,20,Oaxaca,Santiago Pinotepa Nacional
20483,483,20,Oaxaca,Santiago Suchilquitongo
20484,484,20,Oaxaca,Santiago Tamazola
20485,485,20,Oaxaca,Santiago Tapextla
20486,486,20,Oaxaca,Villa Tejupam de la Union
20487,487,20,Oaxaca,Santiago Tenango
20488,488,20,Oaxaca,Santiago Tepetlapa
20489,489,20,Oaxaca,Santiago Tetepec
20490,490,20,Oaxaca,Santiago Texcalcingo
20491,491,20,Oaxaca,Santiago Textitlan
20492,492,20,Oaxaca,Santiago Tilantongo
20493,493,20,Oaxaca,Santiago Tillo
20494,494,20,Oaxaca,Santiago Tlazoyaltepec
20495,495,20,Oaxaca,Santiago Xanica
20496,496,20,Oaxaca,Santiago Xiacui
20497,497,20,Oaxaca,Santiago Yaitepec
20498,498,20,Oaxaca,Santiago Yaveo
20499,499,20,Oaxaca,Santiago Yolomecatl
20500,500,20,Oaxaca,Santiago Yosondua
20501,501,20,Oaxaca,Santiago Yucuyachi
20502,502,20,Oaxaca,Santiago Zacatepec
20503,503,20,Oaxaca,Santiago Zoochila
20504,504,20,Oaxaca,Nuevo Zoquiapam
20505,505,20,Oaxaca,Santo Domingo Ingenio
20506,506,20,Oaxaca,Santo Domingo Albarradas
20507,507,20,Oaxaca,Santo Domingo Armenta
20508,508,20,Oaxaca,Santo Domingo Chihuitan
20509,509,20,Oaxaca,Santo Domingo de Morelos
20510,510,20,Oaxaca,Santo Domingo Ixcatlan
20511,511,20,Oaxaca,Santo Domingo Nuxaa
20512,512,20,Oaxaca,Santo Domingo Ozolotepec
20513,513,20,Oaxaca,Santo Domingo Petapa
20514,514,20,Oaxaca,Santo Domingo Roayaga
20515,515,20,Oaxaca,Santo Domingo Tehuantepec
20516,516,20,Oaxaca,Santo Domingo Teojomulco
20517,517,20,Oaxaca,Santo Domingo Tepuxtepec
20518,518,20,Oaxaca,Santo Domingo Tlatayapam
20519,519,20,Oaxaca,Santo Domingo Tomaltepec
20520,520,20,Oaxaca,Santo Domingo Tonala
20521,521,20,Oaxaca,Santo Domingo Tonaltepec
20522,522,20,Oaxaca,Santo Domingo Xagacia
20523,523,20,Oaxaca,Santo Domingo Yanhuitlan
20524,524,20,Oaxaca,Santo Domingo Yodohino
20525,525,20,Oaxaca,Santo Domingo Zanatepec
20526,526,20,Oaxaca,Santos Reyes Nopala
20527,527,20,Oaxaca,Santos Reyes Papalo
20528,528,20,Oaxaca,Santos Reyes Tepejillo
20529,529,20,Oaxaca,Santos Reyes Yucuna
20530,530,20,Oaxaca,Santo Tomas Jalieza
20531,531,20,Oaxaca,Santo Tomas Mazaltepec
20532,532,20,Oaxaca,Santo Tomas Ocotepec
20533,533,20,Oaxaca,Santo Tomas Tamazulapan
20534,534,20,Oaxaca,San Vicente Coatlan
20535,535,20,Oaxaca,San Vicente Lachixio
20536,536,20,Oaxaca,San Vicente Nunu
20537,537,20,Oaxaca,Silacayoapam
20538,538,20,Oaxaca,Sitio de Xitlapehua
20539,539,20,Oaxaca,Soledad Etla
20540,540,20,Oaxaca,Villa de Tamazulapam del Progreso
20541,541,20,Oaxaca,Tanetze de Zaragoza
20542,542,20,Oaxaca,Taniche
20543,543,20,Oaxaca,Tataltepec de Valdes
20544,544,20,Oaxaca,Teococuilco de Marcos Perez
20545,545,20,Oaxaca,Teotitlan de Flores Magon
20546,546,20,Oaxaca,Teotitlan del Valle
20547,547,20,Oaxaca,Teotongo
20548,548,20,Oaxaca,Tepelmeme Villa de Morelos
20549,549,20,Oaxaca,"Heroica Villa Tezoatlan de Segura y Luna, Cuna de la Independencia de Oaxaca"
20550,550,20,Oaxaca,San Jeronimo Tlacochahuaya
20551,551,20,Oaxaca,Tlacolula de Matamoros
20552,552,20,Oaxaca,Tlacotepec Plumas
20553,553,20,Oaxaca,Tlalixtac de Cabrera
20554,554,20,Oaxaca,Totontepec Villa de Morelos
20555,555,20,Oaxaca,Trinidad Zaachila
20556,556,20,Oaxaca,La Trinidad Vista Hermosa
20557,557,20,Oaxaca,Union Hidalgo
20558,558,20,Oaxaca,Valerio Trujano
20559,559,20,Oaxaca,San Juan Bautista Valle Nacional
20560,560,20,Oaxaca,Villa Diaz Ordaz
20561,561,20,Oaxaca,Yaxe
20562,562,20,Oaxaca,Magdalena Yodocono de Porfirio Diaz
20563,563,20,Oaxaca,Yogana
20564,564,20,Oaxaca,Yutanduchi de Guerrero
20565,565,20,Oaxaca,Villa de Zaachila
20566,566,20,Oaxaca,San Mateo Yucutindo
20567,567,20,Oaxaca,Zapotitlan Lagunas
20568,568,20,Oaxaca,Zapotitlan Palmas
20569,569,20,Oaxaca,Santa Ines de Zaragoza
20570,570,20,Oaxaca,Zimatlan de Álvarez
20901,901,20,Oaxaca,Silacayoapam
20902,902,20,Oaxaca,Huajuapam
20903,903,20,Oaxaca,Coixtlahuaca
20904,904,20,Oaxaca,Teotitlan
20905,905,20,Oaxaca,Cuicatlan
20906,906,20,Oaxaca,Tuxtepec
20907,907,20,Oaxaca,Choapam
20908,908,20,Oaxaca,Juxtlahuaca
20909,909,20,Oaxaca,Teposcolula
20910,910,20,Oaxaca,Nochixtlan
20911,911,20,Oaxaca,Etla
20912,912,20,Oaxaca,Benemerito Distrito de Ixtlan de Juarez
20913,913,20,Oaxaca,Villa Alta
20914,914,20,Oaxaca,Mixe
20915,915,20,Oaxaca,Putla
20916,916,20,Oaxaca,Tlaxiaco
20917,917,20,Oaxaca,Zaachila
20918,918,20,Oaxaca,Zimatlan
20919,919,20,Oaxaca,Centro
20920,920,20,Oaxaca,Tlacolula
20921,921,20,Oaxaca,Jamiltepec
20922,922,20,Oaxaca,Juquila
20923,923,20,Oaxaca,Sola de Vega
20924,924,20,Oaxaca,Ejutla
20925,925,20,Oaxaca,Ocotlan
20926,926,20,Oaxaca,Miahuatlan
20927,927,20,Oaxaca,Yautepec
20928,928,20,Oaxaca,Tehuantepec
20929,929,20,Oaxaca,Juchitan
20930,930,20,Oaxaca,Pochutla
20996,996,20,Oaxaca,No especificado
20997,997,20,Oaxaca,Otros estados
21001,1,21,Puebla,Acajete
21002,2,21,Puebla,Acateno
21003,3,21,Puebla,Acatlan
21004,4,21,Puebla,Acatzingo
21005,5,21,Puebla,Acteopan
21006,6,21,Puebla,Ahuacatlan
21007,7,21,Puebla,Ahuatlan
21008,8,21,Puebla,Ahuazotepec
21009,9,21,Puebla,Ahuehuetitla
21010,10,21,Puebla,Ajalpan
21011,11,21,Puebla,Albino Zertuche
21012,12,21,Puebla,Aljojuca
21013,13,21,Puebla,Altepexi
21014,14,21,Puebla,Amixtlan
21015,15,21,Puebla,Amozoc
21016,16,21,Puebla,Aquixtla
21017,17,21,Puebla,Atempan
21018,18,21,Puebla,Atexcal
21019,19,21,Puebla,Atlixco
21020,20,21,Puebla,Atoyatempan
21021,21,21,Puebla,Atzala
21022,22,21,Puebla,Atzitzihuacan
21023,23,21,Puebla,Atzitzintla
21024,24,21,Puebla,Axutla
21025,25,21,Puebla,Ayotoxco de Guerrero
21026,26,21,Puebla,Calpan
21027,27,21,Puebla,Caltepec
21028,28,21,Puebla,Camocuautla
21029,29,21,Puebla,Caxhuacan
21030,30,21,Puebla,Coatepec
21031,31,21,Puebla,Coatzingo
21032,32,21,Puebla,Cohetzala
21033,33,21,Puebla,Cohuecan
21034,34,21,Puebla,Coronango
21035,35,21,Puebla,Coxcatlan
21036,36,21,Puebla,Coyomeapan
21037,37,21,Puebla,Coyotepec
21038,38,21,Puebla,Cuapiaxtla de Madero
21039,39,21,Puebla,Cuautempan
21040,40,21,Puebla,Cuautinchan
21041,41,21,Puebla,Cuautlancingo
21042,42,21,Puebla,Cuayuca de Andrade
21043,43,21,Puebla,Cuetzalan del Progreso
21044,44,21,Puebla,Cuyoaco
21045,45,21,Puebla,Chalchicomula de Sesma
21046,46,21,Puebla,Chapulco
21047,47,21,Puebla,Chiautla
21048,48,21,Puebla,Chiautzingo
21049,49,21,Puebla,Chiconcuautla
21050,50,21,Puebla,Chichiquila
21051,51,21,Puebla,Chietla
21052,52,21,Puebla,Chigmecatitlan
21053,53,21,Puebla,Chignahuapan
21054,54,21,Puebla,Chignautla
21055,55,21,Puebla,Chila
21056,56,21,Puebla,Chila de la Sal
21057,57,21,Puebla,Honey
21058,58,21,Puebla,Chilchotla
21059,59,21,Puebla,Chinantla
21060,60,21,Puebla,Domingo Arenas
21061,61,21,Puebla,Eloxochitlan
21062,62,21,Puebla,Epatlan
21063,63,21,Puebla,Esperanza
21064,64,21,Puebla,Francisco Z. Mena
21065,65,21,Puebla,General Felipe Ángeles
21066,66,21,Puebla,Guadalupe
21067,67,21,Puebla,Guadalupe Victoria
21068,68,21,Puebla,Hermenegildo Galeana
21069,69,21,Puebla,Huaquechula
21070,70,21,Puebla,Huatlatlauca
21071,71,21,Puebla,Huauchinango
21072,72,21,Puebla,Huehuetla
21073,73,21,Puebla,Huehuetlan el Chico
21074,74,21,Puebla,Huejotzingo
21075,75,21,Puebla,Hueyapan
21076,76,21,Puebla,Hueytamalco
21077,77,21,Puebla,Hueytlalpan
21078,78,21,Puebla,Huitzilan de Serdan
21079,79,21,Puebla,Huitziltepec
21080,80,21,Puebla,Atlequizayan
21081,81,21,Puebla,Ixcamilpa de Guerrero
21082,82,21,Puebla,Ixcaquixtla
21083,83,21,Puebla,Ixtacamaxtitlan
21084,84,21,Puebla,Ixtepec
21085,85,21,Puebla,Izucar de Matamoros
21086,86,21,Puebla,Jalpan
21087,87,21,Puebla,Jolalpan
21088,88,21,Puebla,Jonotla
21089,89,21,Puebla,Jopala
21090,90,21,Puebla,Juan C. Bonilla
21091,91,21,Puebla,Juan Galindo
21092,92,21,Puebla,Juan N. Mendez
21093,93,21,Puebla,Lafragua
21094,94,21,Puebla,Libres
21095,95,21,Puebla,La Magdalena Tlatlauquitepec
21096,96,21,Puebla,Mazapiltepec de Juarez
21097,97,21,Puebla,Mixtla
21098,98,21,Puebla,Molcaxac
21099,99,21,Puebla,Canada Morelos
21100,100,21,Puebla,Naupan
21101,101,21,Puebla,Nauzontla
21102,102,21,Puebla,Nealtican
21103,103,21,Puebla,Nicolas Bravo
21104,104,21,Puebla,Nopalucan
21105,105,21,Puebla,Ocotepec
21106,106,21,Puebla,Ocoyucan
21107,107,21,Puebla,Olintla
21108,108,21,Puebla,Oriental
21109,109,21,Puebla,Pahuatlan
21110,110,21,Puebla,Palmar de Bravo
21111,111,21,Puebla,Pantepec
21112,112,21,Puebla,Petlalcingo
21113,113,21,Puebla,Piaxtla
21114,114,21,Puebla,Puebla
21115,115,21,Puebla,Quecholac
21116,116,21,Puebla,Quimixtlan
21117,117,21,Puebla,Rafael Lara Grajales
21118,118,21,Puebla,Los Reyes de Juarez
21119,119,21,Puebla,San Andres Cholula
21120,120,21,Puebla,San Antonio Canada
21121,121,21,Puebla,San Diego la Mesa Tochimiltzingo
21122,122,21,Puebla,San Felipe Teotlalcingo
21123,123,21,Puebla,San Felipe Tepatlan
21124,124,21,Puebla,San Gabriel Chilac
21125,125,21,Puebla,San Gregorio Atzompa
21126,126,21,Puebla,San Jeronimo Tecuanipan
21127,127,21,Puebla,San Jeronimo Xayacatlan
21128,128,21,Puebla,San Jose Chiapa
21129,129,21,Puebla,San Jose Miahuatlan
21130,130,21,Puebla,San Juan Atenco
21131,131,21,Puebla,San Juan Atzompa
21132,132,21,Puebla,San Martin Texmelucan
21133,133,21,Puebla,San Martin Totoltepec
21134,134,21,Puebla,San Matias Tlalancaleca
21135,135,21,Puebla,San Miguel Ixitlan
21136,136,21,Puebla,San Miguel Xoxtla
21137,137,21,Puebla,San Nicolas Buenos Aires
21138,138,21,Puebla,San Nicolas de los Ranchos
21139,139,21,Puebla,San Pablo Anicano
21140,140,21,Puebla,San Pedro Cholula
21141,141,21,Puebla,San Pedro Yeloixtlahuaca
21142,142,21,Puebla,San Salvador el Seco
21143,143,21,Puebla,San Salvador el Verde
21144,144,21,Puebla,San Salvador Huixcolotla
21145,145,21,Puebla,San Sebastian Tlacotepec
21146,146,21,Puebla,Santa Catarina Tlaltempan
21147,147,21,Puebla,Santa Ines Ahuatempan
21148,148,21,Puebla,Santa Isabel Cholula
21149,149,21,Puebla,Santiago Miahuatlan
21150,150,21,Puebla,Huehuetlan el Grande
21151,151,21,Puebla,Santo Tomas Hueyotlipan
21152,152,21,Puebla,Soltepec
21153,153,21,Puebla,Tecali de Herrera
21154,154,21,Puebla,Tecamachalco
21155,155,21,Puebla,Tecomatlan
21156,156,21,Puebla,Tehuacan
21157,157,21,Puebla,Tehuitzingo
21158,158,21,Puebla,Tenampulco
21159,159,21,Puebla,Teopantlan
21160,160,21,Puebla,Teotlalco
21161,161,21,Puebla,Tepanco de Lopez
21162,162,21,Puebla,Tepango de Rodriguez
21163,163,21,Puebla,Tepatlaxco de Hidalgo
21164,164,21,Puebla,Tepeaca
21165,165,21,Puebla,Tepemaxalco
21166,166,21,Puebla,Tepeojuma
21167,167,21,Puebla,Tepetzintla
21168,168,21,Puebla,Tepexco
21169,169,21,Puebla,Tepexi de Rodriguez
21170,170,21,Puebla,Tepeyahualco
21171,171,21,Puebla,Tepeyahualco de Cuauhtemoc
21172,172,21,Puebla,Tetela de Ocampo
21173,173,21,Puebla,Teteles de Avila Castillo
21174,174,21,Puebla,Teziutlan
21175,175,21,Puebla,Tianguismanalco
21176,176,21,Puebla,Tilapa
21177,177,21,Puebla,Tlacotepec de Benito Juarez
21178,178,21,Puebla,Tlacuilotepec
21179,179,21,Puebla,Tlachichuca
21180,180,21,Puebla,Tlahuapan
21181,181,21,Puebla,Tlaltenango
21182,182,21,Puebla,Tlanepantla
21183,183,21,Puebla,Tlaola
21184,184,21,Puebla,Tlapacoya
21185,185,21,Puebla,Tlapanala
21186,186,21,Puebla,Tlatlauquitepec
21187,187,21,Puebla,Tlaxco
21188,188,21,Puebla,Tochimilco
21189,189,21,Puebla,Tochtepec
21190,190,21,Puebla,Totoltepec de Guerrero
21191,191,21,Puebla,Tulcingo
21192,192,21,Puebla,Tuzamapan de Galeana
21193,193,21,Puebla,Tzicatlacoyan
21194,194,21,Puebla,Venustiano Carranza
21195,195,21,Puebla,Vicente Guerrero
21196,196,21,Puebla,Xayacatlan de Bravo
21197,197,21,Puebla,Xicotepec
21198,198,21,Puebla,Xicotlan
21199,199,21,Puebla,Xiutetelco
21200,200,21,Puebla,Xochiapulco
21201,201,21,Puebla,Xochiltepec
21202,202,21,Puebla,Xochitlan de Vicente Suarez
21203,203,21,Puebla,Xochitlan Todos Santos
21204,204,21,Puebla,Yaonahuac
21205,205,21,Puebla,Yehualtepec
21206,206,21,Puebla,Zacapala
21207,207,21,Puebla,Zacapoaxtla
21208,208,21,Puebla,Zacatlan
21209,209,21,Puebla,Zapotitlan
21210,210,21,Puebla,Zapotitlan de Mendez
21211,211,21,Puebla,Zaragoza
21212,212,21,Puebla,Zautla
21213,213,21,Puebla,Zihuateutla
21214,214,21,Puebla,Zinacatepec
21215,215,21,Puebla,Zongozotla
21216,216,21,Puebla,Zoquiapan
21217,217,21,Puebla,Zoquitlan
21996,996,21,Puebla,No especificado
21997,997,21,Puebla,Otros estados
21998,998,21,Puebla,Otros municipios
22001,1,22,Queretaro,Amealco de Bonfil
22002,2,22,Queretaro,Pinal de Amoles
22003,3,22,Queretaro,Arroyo Seco
22004,4,22,Queretaro,Cadereyta de Montes
22005,5,22,Queretaro,Colon
22006,6,22,Queretaro,Corregidora
22007,7,22,Queretaro,Ezequiel Montes
22008,8,22,Queretaro,Huimilpan
22009,9,22,Queretaro,Jalpan de Serra
22010,10,22,Queretaro,Landa de Matamoros
22011,11,22,Queretaro,El Marques
22012,12,22,Queretaro,Pedro Escobedo
22013,13,22,Queretaro,Penamiller
22014,14,22,Queretaro,Queretaro
22015,15,22,Queretaro,San Joaquin
22016,16,22,Queretaro,San Juan del Rio
22017,17,22,Queretaro,Tequisquiapan
22018,18,22,Queretaro,Toliman
22996,996,22,Queretaro,No especificado
22997,997,22,Queretaro,Otros estados
23001,1,23,Quintana Roo,Cozumel
23002,2,23,Quintana Roo,Felipe Carrillo Puerto
23003,3,23,Quintana Roo,Isla Mujeres
23004,4,23,Quintana Roo,Othon P. Blanco
23005,5,23,Quintana Roo,Benito Juarez
23006,6,23,Quintana Roo,Jose Maria Morelos
23007,7,23,Quintana Roo,Lazaro Cardenas
23008,8,23,Quintana Roo,Solidaridad
23009,9,23,Quintana Roo,Tulum
23010,10,23,Quintana Roo,Bacalar
23996,996,23,Quintana Roo,No especificado
23997,997,23,Quintana Roo,Otros estados
23998,998,23,Quintana Roo,Otros municipios
24001,1,24,San Luis Potosi,Ahualulco
24002,2,24,San Luis Potosi,Alaquines
24003,3,24,San Luis Potosi,Aquismon
24004,4,24,San Luis Potosi,Armadillo de los Infante
24005,5,24,San Luis Potosi,Cardenas
24006,6,24,San Luis Potosi,Catorce
24007,7,24,San Luis Potosi,Cedral
24008,8,24,San Luis Potosi,Cerritos
24009,9,24,San Luis Potosi,Cerro de San Pedro
24010,10,24,San Luis Potosi,Ciudad del Maiz
24011,11,24,San Luis Potosi,Ciudad Fernandez
24012,12,24,San Luis Potosi,Tancanhuitz
24013,13,24,San Luis Potosi,Ciudad Valles
24014,14,24,San Luis Potosi,Coxcatlan
24015,15,24,San Luis Potosi,Charcas
24016,16,24,San Luis Potosi,Ebano
24017,17,24,San Luis Potosi,Guadalcazar
24018,18,24,San Luis Potosi,Huehuetlan
24019,19,24,San Luis Potosi,Lagunillas
24020,20,24,San Luis Potosi,Matehuala
24021,21,24,San Luis Potosi,Mexquitic de Carmona
24022,22,24,San Luis Potosi,Moctezuma
24023,23,24,San Luis Potosi,Rayon
24024,24,24,San Luis Potosi,Rioverde
24025,25,24,San Luis Potosi,Salinas
24026,26,24,San Luis Potosi,San Antonio
24027,27,24,San Luis Potosi,San Ciro de Acosta
24028,28,24,San Luis Potosi,San Luis Potosi
24029,29,24,San Luis Potosi,San Martin Chalchicuautla
24030,30,24,San Luis Potosi,San Nicolas Tolentino
24031,31,24,San Luis Potosi,Santa Catarina
24032,32,24,San Luis Potosi,Santa Maria del Rio
24033,33,24,San Luis Potosi,Santo Domingo
24034,34,24,San Luis Potosi,San Vicente Tancuayalab
24035,35,24,San Luis Potosi,Soledad de Graciano Sanchez
24036,36,24,San Luis Potosi,Tamasopo
24037,37,24,San Luis Potosi,Tamazunchale
24038,38,24,San Luis Potosi,Tampacan
24039,39,24,San Luis Potosi,Tampamolon Corona
24040,40,24,San Luis Potosi,Tamuin
24041,41,24,San Luis Potosi,Tanlajas
24042,42,24,San Luis Potosi,Tanquian de Escobedo
24043,43,24,San Luis Potosi,Tierra Nueva
24044,44,24,San Luis Potosi,Vanegas
24045,45,24,San Luis Potosi,Venado
24046,46,24,San Luis Potosi,Villa de Arriaga
24047,47,24,San Luis Potosi,Villa de Guadalupe
24048,48,24,San Luis Potosi,Villa de la Paz
24049,49,24,San Luis Potosi,Villa de Ramos
24050,50,24,San Luis Potosi,Villa de Reyes
24051,51,24,San Luis Potosi,Villa Hidalgo
24052,52,24,San Luis Potosi,Villa Juarez
24053,53,24,San Luis Potosi,Axtla de Terrazas
24054,54,24,San Luis Potosi,Xilitla
24055,55,24,San Luis Potosi,Zaragoza
24056,56,24,San Luis Potosi,Villa de Arista
24057,57,24,San Luis Potosi,Matlapa
24058,58,24,San Luis Potosi,El Naranjo
24996,996,24,San Luis Potosi,No especificado
24997,997,24,San Luis Potosi,Otros estados
24998,998,24,San Luis Potosi,Otros municipios
25001,1,25,Sinaloa,Ahome
25002,2,25,Sinaloa,Angostura
25003,3,25,Sinaloa,Badiraguato
25004,4,25,Sinaloa,Concordia
25005,5,25,Sinaloa,Cosala
25006,6,25,Sinaloa,Culiacan
25007,7,25,Sinaloa,Choix
25008,8,25,Sinaloa,Elota
25009,9,25,Sinaloa,Escuinapa
25010,10,25,Sinaloa,El Fuerte
25011,11,25,Sinaloa,Guasave
25012,12,25,Sinaloa,Mazatlan
25013,13,25,Sinaloa,Mocorito
25014,14,25,Sinaloa,Rosario
25015,15,25,Sinaloa,Salvador Alvarado
25016,16,25,Sinaloa,San Ignacio
25017,17,25,Sinaloa,Sinaloa
25018,18,25,Sinaloa,Navolato
25996,996,25,Sinaloa,No especificado
25997,997,25,Sinaloa,Otros estados
25998,998,25,Sinaloa,Otros municipios
26001,1,26,Sonora,Aconchi
26002,2,26,Sonora,Agua Prieta
26003,3,26,Sonora,Alamos
26004,4,26,Sonora,Altar
26005,5,26,Sonora,Arivechi
26006,6,26,Sonora,Arizpe
26007,7,26,Sonora,Atil
26008,8,26,Sonora,Bacadehuachi
26009,9,26,Sonora,Bacanora
26010,10,26,Sonora,Bacerac
26011,11,26,Sonora,Bacoachi
26012,12,26,Sonora,Bacum
26013,13,26,Sonora,Banamichi
26014,14,26,Sonora,Baviacora
26015,15,26,Sonora,Bavispe
26016,16,26,Sonora,Benjamin Hill
26017,17,26,Sonora,Caborca
26018,18,26,Sonora,Cajeme
26019,19,26,Sonora,Cananea
26020,20,26,Sonora,Carbo
26021,21,26,Sonora,La Colorada
26022,22,26,Sonora,Cucurpe
26023,23,26,Sonora,Cumpas
26024,24,26,Sonora,Divisaderos
26025,25,26,Sonora,Empalme
26026,26,26,Sonora,Etchojoa
26027,27,26,Sonora,Fronteras
26028,28,26,Sonora,Granados
26029,29,26,Sonora,Guaymas
26030,30,26,Sonora,Hermosillo
26031,31,26,Sonora,Huachinera
26032,32,26,Sonora,Huasabas
26033,33,26,Sonora,Huatabampo
26034,34,26,Sonora,Huepac
26035,35,26,Sonora,Imuris
26036,36,26,Sonora,Magdalena
26037,37,26,Sonora,Mazatan
26038,38,26,Sonora,Moctezuma
26039,39,26,Sonora,Naco
26040,40,26,Sonora,Nacori Chico
26041,41,26,Sonora,Nacozari de Garcia
26042,42,26,Sonora,Navojoa
26043,43,26,Sonora,Nogales
26044,44,26,Sonora,Onavas
26045,45,26,Sonora,Opodepe
26046,46,26,Sonora,Oquitoa
26047,47,26,Sonora,Pitiquito
26048,48,26,Sonora,Puerto Penasco
26049,49,26,Sonora,Quiriego
26050,50,26,Sonora,Rayon
26051,51,26,Sonora,Rosario
26052,52,26,Sonora,Sahuaripa
26053,53,26,Sonora,San Felipe de Jesus
26054,54,26,Sonora,San Javier
26055,55,26,Sonora,San Luis Rio Colorado
26056,56,26,Sonora,San Miguel de Horcasitas
26057,57,26,Sonora,San Pedro de la Cueva
26058,58,26,Sonora,Santa Ana
26059,59,26,Sonora,Santa Cruz
26060,60,26,Sonora,Saric
26061,61,26,Sonora,Soyopa
26062,62,26,Sonora,Suaqui Grande
26063,63,26,Sonora,Tepache
26064,64,26,Sonora,Trincheras
26065,65,26,Sonora,Tubutama
26066,66,26,Sonora,Ures
26067,67,26,Sonora,Villa Hidalgo
26068,68,26,Sonora,Villa Pesqueira
26069,69,26,Sonora,Yecora
26070,70,26,Sonora,General Plutarco Elias Calles
26071,71,26,Sonora,Benito Juarez
26072,72,26,Sonora,San Ignacio Rio Muerto
26996,996,26,Sonora,No especificado
26997,997,26,Sonora,Otros estados
26998,998,26,Sonora,Otros municipios
27001,1,27,Tabasco,Balancan
27002,2,27,Tabasco,Cardenas
27003,3,27,Tabasco,Centla
27004,4,27,Tabasco,Centro
27005,5,27,Tabasco,Comalcalco
27006,6,27,Tabasco,Cunduacan
27007,7,27,Tabasco,Emiliano Zapata
27008,8,27,Tabasco,Huimanguillo
27009,9,27,Tabasco,Jalapa
27010,10,27,Tabasco,Jalpa de Mendez
27011,11,27,Tabasco,Jonuta
27012,12,27,Tabasco,Macuspana
27013,13,27,Tabasco,Nacajuca
27014,14,27,Tabasco,Paraiso
27015,15,27,Tabasco,Tacotalpa
27016,16,27,Tabasco,Teapa
27017,17,27,Tabasco,Tenosique
27996,996,27,Tabasco,No especificado
27997,997,27,Tabasco,Otros estados
27998,998,27,Tabasco,Otros municipios
28001,1,28,Tamaulipas,Abasolo
28002,2,28,Tamaulipas,Aldama
28003,3,28,Tamaulipas,Altamira
28004,4,28,Tamaulipas,Antiguo Morelos
28005,5,28,Tamaulipas,Burgos
28006,6,28,Tamaulipas,Bustamante
28007,7,28,Tamaulipas,Camargo
28008,8,28,Tamaulipas,Casas
28009,9,28,Tamaulipas,Ciudad Madero
28010,10,28,Tamaulipas,Cruillas
28011,11,28,Tamaulipas,Gomez Farias
28012,12,28,Tamaulipas,Gonzalez
28013,13,28,Tamaulipas,Güemez
28014,14,28,Tamaulipas,Guerrero
28015,15,28,Tamaulipas,Gustavo Diaz Ordaz
28016,16,28,Tamaulipas,Hidalgo
28017,17,28,Tamaulipas,Jaumave
28018,18,28,Tamaulipas,Jimenez
28019,19,28,Tamaulipas,Llera
28020,20,28,Tamaulipas,Mainero
28021,21,28,Tamaulipas,El Mante
28022,22,28,Tamaulipas,Matamoros
28023,23,28,Tamaulipas,Mendez
28024,24,28,Tamaulipas,Mier
28025,25,28,Tamaulipas,Miguel Aleman
28026,26,28,Tamaulipas,Miquihuana
28027,27,28,Tamaulipas,Nuevo Laredo
28028,28,28,Tamaulipas,Nuevo Morelos
28029,29,28,Tamaulipas,Ocampo
28030,30,28,Tamaulipas,Padilla
28031,31,28,Tamaulipas,Palmillas
28032,32,28,Tamaulipas,Reynosa
28033,33,28,Tamaulipas,Rio Bravo
28034,34,28,Tamaulipas,San Carlos
28035,35,28,Tamaulipas,San Fernando
28036,36,28,Tamaulipas,San Nicolas
28037,37,28,Tamaulipas,Soto la Marina
28038,38,28,Tamaulipas,Tampico
28039,39,28,Tamaulipas,Tula
28040,40,28,Tamaulipas,Valle Hermoso
28041,41,28,Tamaulipas,Victoria
28042,42,28,Tamaulipas,Villagran
28043,43,28,Tamaulipas,Xicotencatl
28996,996,28,Tamaulipas,No especificado
28997,997,28,Tamaulipas,Otros estados
28998,998,28,Tamaulipas,Otros municipios
29001,1,29,Tlaxcala,Amaxac de Guerrero
29002,2,29,Tlaxcala,Apetatitlan de Antonio Carvajal
29003,3,29,Tlaxcala,Atlangatepec
29004,4,29,Tlaxcala,Atltzayanca
29005,5,29,Tlaxcala,Apizaco
29006,6,29,Tlaxcala,Calpulalpan
29007,7,29,Tlaxcala,El Carmen Tequexquitla
29008,8,29,Tlaxcala,Cuapiaxtla
29009,9,29,Tlaxcala,Cuaxomulco
29010,10,29,Tlaxcala,Chiautempan
29011,11,29,Tlaxcala,Munoz de Domingo Arenas
29012,12,29,Tlaxcala,Espanita
29013,13,29,Tlaxcala,Huamantla
29014,14,29,Tlaxcala,Hueyotlipan
29015,15,29,Tlaxcala,Ixtacuixtla de Mariano Matamoros
29016,16,29,Tlaxcala,Ixtenco
29017,17,29,Tlaxcala,Mazatecochco de Jose Maria Morelos
29018,18,29,Tlaxcala,Contla de Juan Cuamatzi
29019,19,29,Tlaxcala,Tepetitla de Lardizabal
29020,20,29,Tlaxcala,Sanctorum de Lazaro Cardenas
29021,21,29,Tlaxcala,Nanacamilpa de Mariano Arista
29022,22,29,Tlaxcala,Acuamanala de Miguel Hidalgo
29023,23,29,Tlaxcala,Nativitas
29024,24,29,Tlaxcala,Panotla
29025,25,29,Tlaxcala,San Pablo del Monte
29026,26,29,Tlaxcala,Santa Cruz Tlaxcala
29027,27,29,Tlaxcala,Tenancingo
29028,28,29,Tlaxcala,Teolocholco
29029,29,29,Tlaxcala,Tepeyanco
29030,30,29,Tlaxcala,Terrenate
29031,31,29,Tlaxcala,Tetla de la Solidaridad
29032,32,29,Tlaxcala,Tetlatlahuca
29033,33,29,Tlaxcala,Tlaxcala
29034,34,29,Tlaxcala,Tlaxco
29035,35,29,Tlaxcala,Tocatlan
29036,36,29,Tlaxcala,Totolac
29037,37,29,Tlaxcala,Ziltlaltepec de Trinidad Sanchez Santos
29038,38,29,Tlaxcala,Tzompantepec
29039,39,29,Tlaxcala,Xaloztoc
29040,40,29,Tlaxcala,Xaltocan
29041,41,29,Tlaxcala,Papalotla de Xicohtencatl
29042,42,29,Tlaxcala,Xicohtzinco
29043,43,29,Tlaxcala,Yauhquemehcan
29044,44,29,Tlaxcala,Zacatelco
29045,45,29,Tlaxcala,Benito Juarez
29046,46,29,Tlaxcala,Emiliano Zapata
29047,47,29,Tlaxcala,Lazaro Cardenas
29048,48,29,Tlaxcala,La Magdalena Tlaltelulco
29049,49,29,Tlaxcala,San Damian Texoloc
29050,50,29,Tlaxcala,San Francisco Tetlanohcan
29051,51,29,Tlaxcala,San Jeronimo Zacualpan
29052,52,29,Tlaxcala,San Jose Teacalco
29053,53,29,Tlaxcala,San Juan Huactzinco
29054,54,29,Tlaxcala,San Lorenzo Axocomanitla
29055,55,29,Tlaxcala,San Lucas Tecopilco
29056,56,29,Tlaxcala,Santa Ana Nopalucan
29057,57,29,Tlaxcala,Santa Apolonia Teacalco
29058,58,29,Tlaxcala,Santa Catarina Ayometla
29059,59,29,Tlaxcala,Santa Cruz Quilehtla
29060,60,29,Tlaxcala,Santa Isabel Xiloxoxtla
29996,996,29,Tlaxcala,No especificado
29997,997,29,Tlaxcala,Otros estados
29998,998,29,Tlaxcala,Otros municipios
30001,1,30,Veracruz,Acajete
30002,2,30,Veracruz,Acatlan
30003,3,30,Veracruz,Acayucan
30004,4,30,Veracruz,Actopan
30005,5,30,Veracruz,Acula
30006,6,30,Veracruz,Acultzingo
30007,7,30,Veracruz,Camaron de Tejeda
30008,8,30,Veracruz,Alpatlahuac
30009,9,30,Veracruz,Alto Lucero de Gutierrez Barrios
30010,10,30,Veracruz,Altotonga
30011,11,30,Veracruz,Alvarado
30012,12,30,Veracruz,Amatitlan
30013,13,30,Veracruz,Naranjos Amatlan
30014,14,30,Veracruz,Amatlan de los Reyes
30015,15,30,Veracruz,Angel R. Cabada
30016,16,30,Veracruz,La Antigua
30017,17,30,Veracruz,Apazapan
30018,18,30,Veracruz,Aquila
30019,19,30,Veracruz,Astacinga
30020,20,30,Veracruz,Atlahuilco
30021,21,30,Veracruz,Atoyac
30022,22,30,Veracruz,Atzacan
30023,23,30,Veracruz,Atzalan
30024,24,30,Veracruz,Tlaltetela
30025,25,30,Veracruz,Ayahualulco
30026,26,30,Veracruz,Banderilla
30027,27,30,Veracruz,Benito Juarez
30028,28,30,Veracruz,Boca del Rio
30029,29,30,Veracruz,Calcahualco
30030,30,30,Veracruz,Camerino Z. Mendoza
30031,31,30,Veracruz,Carrillo Puerto
30032,32,30,Veracruz,Catemaco
30033,33,30,Veracruz,Cazones de Herrera
30034,34,30,Veracruz,Cerro Azul
30035,35,30,Veracruz,Citlaltepetl
30036,36,30,Veracruz,Coacoatzintla
30037,37,30,Veracruz,Coahuitlan
30038,38,30,Veracruz,Coatepec
30039,39,30,Veracruz,Coatzacoalcos
30040,40,30,Veracruz,Coatzintla
30041,41,30,Veracruz,Coetzala
30042,42,30,Veracruz,Colipa
30043,43,30,Veracruz,Comapa
30044,44,30,Veracruz,Cordoba
30045,45,30,Veracruz,Cosamaloapan de Carpio
30046,46,30,Veracruz,Cosautlan de Carvajal
30047,47,30,Veracruz,Coscomatepec
30048,48,30,Veracruz,Cosoleacaque
30049,49,30,Veracruz,Cotaxtla
30050,50,30,Veracruz,Coxquihui
30051,51,30,Veracruz,Coyutla
30052,52,30,Veracruz,Cuichapa
30053,53,30,Veracruz,Cuitlahuac
30054,54,30,Veracruz,Chacaltianguis
30055,55,30,Veracruz,Chalma
30056,56,30,Veracruz,Chiconamel
30057,57,30,Veracruz,Chiconquiaco
30058,58,30,Veracruz,Chicontepec
30059,59,30,Veracruz,Chinameca
30060,60,30,Veracruz,Chinampa de Gorostiza
30061,61,30,Veracruz,Las Choapas
30062,62,30,Veracruz,Chocaman
30063,63,30,Veracruz,Chontla
30064,64,30,Veracruz,Chumatlan
30065,65,30,Veracruz,Emiliano Zapata
30066,66,30,Veracruz,Espinal
30067,67,30,Veracruz,Filomeno Mata
30068,68,30,Veracruz,Fortin
30069,69,30,Veracruz,Gutierrez Zamora
30070,70,30,Veracruz,Hidalgotitlan
30071,71,30,Veracruz,Huatusco
30072,72,30,Veracruz,Huayacocotla
30073,73,30,Veracruz,Hueyapan de Ocampo
30074,74,30,Veracruz,Huiloapan de Cuauhtemoc
30075,75,30,Veracruz,Ignacio de la Llave
30076,76,30,Veracruz,Ilamatlan
30077,77,30,Veracruz,Isla
30078,78,30,Veracruz,Ixcatepec
30079,79,30,Veracruz,Ixhuacan de los Reyes
30080,80,30,Veracruz,Ixhuatlan del Cafe
30081,81,30,Veracruz,Ixhuatlancillo
30082,82,30,Veracruz,Ixhuatlan del Sureste
30083,83,30,Veracruz,Ixhuatlan de Madero
30084,84,30,Veracruz,Ixmatlahuacan
30085,85,30,Veracruz,Ixtaczoquitlan
30086,86,30,Veracruz,Jalacingo
30087,87,30,Veracruz,Xalapa
30088,88,30,Veracruz,Jalcomulco
30089,89,30,Veracruz,Jaltipan
30090,90,30,Veracruz,Jamapa
30091,91,30,Veracruz,Jesus Carranza
30092,92,30,Veracruz,Xico
30093,93,30,Veracruz,Jilotepec
30094,94,30,Veracruz,Juan Rodriguez Clara
30095,95,30,Veracruz,Juchique de Ferrer
30096,96,30,Veracruz,Landero y Coss
30097,97,30,Veracruz,Lerdo de Tejada
30098,98,30,Veracruz,Magdalena
30099,99,30,Veracruz,Maltrata
30100,100,30,Veracruz,Manlio Fabio Altamirano
30101,101,30,Veracruz,Mariano Escobedo
30102,102,30,Veracruz,Martinez de la Torre
30103,103,30,Veracruz,Mecatlan
30104,104,30,Veracruz,Mecayapan
30105,105,30,Veracruz,Medellin
30106,106,30,Veracruz,Miahuatlan
30107,107,30,Veracruz,Las Minas
30108,108,30,Veracruz,Minatitlan
30109,109,30,Veracruz,Misantla
30110,110,30,Veracruz,Mixtla de Altamirano
30111,111,30,Veracruz,Moloacan
30112,112,30,Veracruz,Naolinco
30113,113,30,Veracruz,Naranjal
30114,114,30,Veracruz,Nautla
30115,115,30,Veracruz,Nogales
30116,116,30,Veracruz,Oluta
30117,117,30,Veracruz,Omealca
30118,118,30,Veracruz,Orizaba
30119,119,30,Veracruz,Otatitlan
30120,120,30,Veracruz,Oteapan
30121,121,30,Veracruz,Ozuluama de Mascarenas
30122,122,30,Veracruz,Pajapan
30123,123,30,Veracruz,Panuco
30124,124,30,Veracruz,Papantla
30125,125,30,Veracruz,Paso del Macho
30126,126,30,Veracruz,Paso de Ovejas
30127,127,30,Veracruz,La Perla
30128,128,30,Veracruz,Perote
30129,129,30,Veracruz,Platon Sanchez
30130,130,30,Veracruz,Playa Vicente
30131,131,30,Veracruz,Poza Rica de Hidalgo
30132,132,30,Veracruz,Las Vigas de Ramirez
30133,133,30,Veracruz,Pueblo Viejo
30134,134,30,Veracruz,Puente Nacional
30135,135,30,Veracruz,Rafael Delgado
30136,136,30,Veracruz,Rafael Lucio
30137,137,30,Veracruz,Los Reyes
30138,138,30,Veracruz,Rio Blanco
30139,139,30,Veracruz,Saltabarranca
30140,140,30,Veracruz,San Andres Tenejapan
30141,141,30,Veracruz,San Andres Tuxtla
30142,142,30,Veracruz,San Juan Evangelista
30143,143,30,Veracruz,Santiago Tuxtla
30144,144,30,Veracruz,Sayula de Aleman
30145,145,30,Veracruz,Soconusco
30146,146,30,Veracruz,Sochiapa
30147,147,30,Veracruz,Soledad Atzompa
30148,148,30,Veracruz,Soledad de Doblado
30149,149,30,Veracruz,Soteapan
30150,150,30,Veracruz,Tamalin
30151,151,30,Veracruz,Tamiahua
30152,152,30,Veracruz,Tampico Alto
30153,153,30,Veracruz,Tancoco
30154,154,30,Veracruz,Tantima
30155,155,30,Veracruz,Tantoyuca
30156,156,30,Veracruz,Tatatila
30157,157,30,Veracruz,Castillo de Teayo
30158,158,30,Veracruz,Tecolutla
30159,159,30,Veracruz,Tehuipango
30160,160,30,Veracruz,Álamo Temapache
30161,161,30,Veracruz,Tempoal
30162,162,30,Veracruz,Tenampa
30163,163,30,Veracruz,Tenochtitlan
30164,164,30,Veracruz,Teocelo
30165,165,30,Veracruz,Tepatlaxco
30166,166,30,Veracruz,Tepetlan
30167,167,30,Veracruz,Tepetzintla
30168,168,30,Veracruz,Tequila
30169,169,30,Veracruz,Jose Azueta
30170,170,30,Veracruz,Texcatepec
30171,171,30,Veracruz,Texhuacan
30172,172,30,Veracruz,Texistepec
30173,173,30,Veracruz,Tezonapa
30174,174,30,Veracruz,Tierra Blanca
30175,175,30,Veracruz,Tihuatlan
30176,176,30,Veracruz,Tlacojalpan
30177,177,30,Veracruz,Tlacolulan
30178,178,30,Veracruz,Tlacotalpan
30179,179,30,Veracruz,Tlacotepec de Mejia
30180,180,30,Veracruz,Tlachichilco
30181,181,30,Veracruz,Tlalixcoyan
30182,182,30,Veracruz,Tlalnelhuayocan
30183,183,30,Veracruz,Tlapacoyan
30184,184,30,Veracruz,Tlaquilpa
30185,185,30,Veracruz,Tlilapan
30186,186,30,Veracruz,Tomatlan
30187,187,30,Veracruz,Tonayan
30188,188,30,Veracruz,Totutla
30189,189,30,Veracruz,Tuxpan
30190,190,30,Veracruz,Tuxtilla
30191,191,30,Veracruz,Ursulo Galvan
30192,192,30,Veracruz,Vega de Alatorre
30193,193,30,Veracruz,Veracruz
30194,194,30,Veracruz,Villa Aldama
30195,195,30,Veracruz,Xoxocotla
30196,196,30,Veracruz,Yanga
30197,197,30,Veracruz,Yecuatla
30198,198,30,Veracruz,Zacualpan
30199,199,30,Veracruz,Zaragoza
30200,200,30,Veracruz,Zentla
30201,201,30,Veracruz,Zongolica
30202,202,30,Veracruz,Zontecomatlan de Lopez y Fuentes
30203,203,30,Veracruz,Zozocolco de Hidalgo
30204,204,30,Veracruz,Agua Dulce
30205,205,30,Veracruz,El Higo
30206,206,30,Veracruz,Nanchital de Lazaro Cardenas del Rio
30207,207,30,Veracruz,Tres Valles
30208,208,30,Veracruz,Carlos A. Carrillo
30209,209,30,Veracruz,Tatahuicapan de Juarez
30210,210,30,Veracruz,Uxpanapa
30211,211,30,Veracruz,San Rafael
30212,212,30,Veracruz,Santiago Sochiapan
30996,996,30,Veracruz,No especificado
30997,997,30,Veracruz,Otros estados
30998,998,30,Veracruz,Otros municipios
31001,1,31,Yucatan,Abala
31002,2,31,Yucatan,Acanceh
31003,3,31,Yucatan,Akil
31004,4,31,Yucatan,Baca
31005,5,31,Yucatan,Bokoba
31006,6,31,Yucatan,Buctzotz
31007,7,31,Yucatan,Cacalchen
31008,8,31,Yucatan,Calotmul
31009,9,31,Yucatan,Cansahcab
31010,10,31,Yucatan,Cantamayec
31011,11,31,Yucatan,Celestun
31012,12,31,Yucatan,Cenotillo
31013,13,31,Yucatan,Conkal
31014,14,31,Yucatan,Cuncunul
31015,15,31,Yucatan,Cuzama
31016,16,31,Yucatan,Chacsinkin
31017,17,31,Yucatan,Chankom
31018,18,31,Yucatan,Chapab
31019,19,31,Yucatan,Chemax
31020,20,31,Yucatan,Chicxulub Pueblo
31021,21,31,Yucatan,Chichimila
31022,22,31,Yucatan,Chikindzonot
31023,23,31,Yucatan,Chochola
31024,24,31,Yucatan,Chumayel
31025,25,31,Yucatan,Dzan
31026,26,31,Yucatan,Dzemul
31027,27,31,Yucatan,Dzidzantun
31028,28,31,Yucatan,Dzilam de Bravo
31029,29,31,Yucatan,Dzilam Gonzalez
31030,30,31,Yucatan,Dzitas
31031,31,31,Yucatan,Dzoncauich
31032,32,31,Yucatan,Espita
31033,33,31,Yucatan,Halacho
31034,34,31,Yucatan,Hocaba
31035,35,31,Yucatan,Hoctun
31036,36,31,Yucatan,Homun
31037,37,31,Yucatan,Huhi
31038,38,31,Yucatan,Hunucma
31039,39,31,Yucatan,Ixil
31040,40,31,Yucatan,Izamal
31041,41,31,Yucatan,Kanasin
31042,42,31,Yucatan,Kantunil
31043,43,31,Yucatan,Kaua
31044,44,31,Yucatan,Kinchil
31045,45,31,Yucatan,Kopoma
31046,46,31,Yucatan,Mama
31047,47,31,Yucatan,Mani
31048,48,31,Yucatan,Maxcanu
31049,49,31,Yucatan,Mayapan
31050,50,31,Yucatan,Merida
31051,51,31,Yucatan,Mococha
31052,52,31,Yucatan,Motul
31053,53,31,Yucatan,Muna
31054,54,31,Yucatan,Muxupip
31055,55,31,Yucatan,Opichen
31056,56,31,Yucatan,Oxkutzcab
31057,57,31,Yucatan,Panaba
31058,58,31,Yucatan,Peto
31059,59,31,Yucatan,Progreso
31060,60,31,Yucatan,Quintana Roo
31061,61,31,Yucatan,Rio Lagartos
31062,62,31,Yucatan,Sacalum
31063,63,31,Yucatan,Samahil
31064,64,31,Yucatan,Sanahcat
31065,65,31,Yucatan,San Felipe
31066,66,31,Yucatan,Santa Elena
31067,67,31,Yucatan,Seye
31068,68,31,Yucatan,Sinanche
31069,69,31,Yucatan,Sotuta
31070,70,31,Yucatan,Sucila
31071,71,31,Yucatan,Sudzal
31072,72,31,Yucatan,Suma
31073,73,31,Yucatan,Tahdziu
31074,74,31,Yucatan,Tahmek
31075,75,31,Yucatan,Teabo
31076,76,31,Yucatan,Tecoh
31077,77,31,Yucatan,Tekal de Venegas
31078,78,31,Yucatan,Tekanto
31079,79,31,Yucatan,Tekax
31080,80,31,Yucatan,Tekit
31081,81,31,Yucatan,Tekom
31082,82,31,Yucatan,Telchac Pueblo
31083,83,31,Yucatan,Telchac Puerto
31084,84,31,Yucatan,Temax
31085,85,31,Yucatan,Temozon
31086,86,31,Yucatan,Tepakan
31087,87,31,Yucatan,Tetiz
31088,88,31,Yucatan,Teya
31089,89,31,Yucatan,Ticul
31090,90,31,Yucatan,Timucuy
31091,91,31,Yucatan,Tinum
31092,92,31,Yucatan,Tixcacalcupul
31093,93,31,Yucatan,Tixkokob
31094,94,31,Yucatan,Tixmehuac
31095,95,31,Yucatan,Tixpehual
31096,96,31,Yucatan,Tizimin
31097,97,31,Yucatan,Tunkas
31098,98,31,Yucatan,Tzucacab
31099,99,31,Yucatan,Uayma
31100,100,31,Yucatan,Ucu
31101,101,31,Yucatan,Uman
31102,102,31,Yucatan,Valladolid
31103,103,31,Yucatan,Xocchel
31104,104,31,Yucatan,Yaxcaba
31105,105,31,Yucatan,Yaxkukul
31106,106,31,Yucatan,Yobain
31996,996,31,Yucatan,No especificado
31997,997,31,Yucatan,Otros estados
31998,998,31,Yucatan,Otros municipios
32001,1,32,Zacatecas,Apozol
32002,2,32,Zacatecas,Apulco
32003,3,32,Zacatecas,Atolinga
32004,4,32,Zacatecas,Benito Juarez
32005,5,32,Zacatecas,Calera
32006,6,32,Zacatecas,Canitas de Felipe Pescador
32007,7,32,Zacatecas,Concepcion del Oro
32008,8,32,Zacatecas,Cuauhtemoc
32009,9,32,Zacatecas,Chalchihuites
32010,10,32,Zacatecas,Fresnillo
32011,11,32,Zacatecas,Trinidad Garcia de la Cadena
32012,12,32,Zacatecas,Genaro Codina
32013,13,32,Zacatecas,General Enrique Estrada
32014,14,32,Zacatecas,General Francisco R. Murguia
32015,15,32,Zacatecas,El Plateado de Joaquin Amaro
32016,16,32,Zacatecas,General Panfilo Natera
32017,17,32,Zacatecas,Guadalupe
32018,18,32,Zacatecas,Huanusco
32019,19,32,Zacatecas,Jalpa
32020,20,32,Zacatecas,Jerez
32021,21,32,Zacatecas,Jimenez del Teul
32022,22,32,Zacatecas,Juan Aldama
32023,23,32,Zacatecas,Juchipila
32024,24,32,Zacatecas,Loreto
32025,25,32,Zacatecas,Luis Moya
32026,26,32,Zacatecas,Mazapil
32027,27,32,Zacatecas,Melchor Ocampo
32028,28,32,Zacatecas,Mezquital del Oro
32029,29,32,Zacatecas,Miguel Auza
32030,30,32,Zacatecas,Momax
32031,31,32,Zacatecas,Monte Escobedo
32032,32,32,Zacatecas,Morelos
32033,33,32,Zacatecas,Moyahua de Estrada
32034,34,32,Zacatecas,Nochistlan de Mejia
32035,35,32,Zacatecas,Noria de Ángeles
32036,36,32,Zacatecas,Ojocaliente
32037,37,32,Zacatecas,Panuco
32038,38,32,Zacatecas,Pinos
32039,39,32,Zacatecas,Rio Grande
32040,40,32,Zacatecas,Sain Alto
32041,41,32,Zacatecas,El Salvador
32042,42,32,Zacatecas,Sombrerete
32043,43,32,Zacatecas,Susticacan
32044,44,32,Zacatecas,Tabasco
32045,45,32,Zacatecas,Tepechitlan
32046,46,32,Zacatecas,Tepetongo
32047,47,32,Zacatecas,Teul de Gonzalez Ortega
32048,48,32,Zacatecas,Tlaltenango de Sanchez Roman
32049,49,32,Zacatecas,Valparaiso
32050,50,32,Zacatecas,Vetagrande
32051,51,32,Zacatecas,Villa de Cos
32052,52,32,Zacatecas,Villa Garcia
32053,53,32,Zacatecas,Villa Gonzalez Ortega
32054,54,32,Zacatecas,Villa Hidalgo
32055,55,32,Zacatecas,Villanueva
32056,56,32,Zacatecas,Zacatecas
32057,57,32,Zacatecas,Trancoso
32058,58,32,Zacatecas,Santa Maria de la Paz
32996,996,32,Zacatecas,No especificado
32997,997,32,Zacatecas,Otros estados
32998,998,32,Zacatecas,Otros municipios
33991,991,33,Extranjero,Estados Unidos de America
33992,992,33,Extranjero,Otros paises latinoamericanos
33993,993,33,Extranjero,Otros paises